Market,State,Target,Keyword,Signal Strength,Legal Note,Search Query,Google Search URL
"Houston, TX",TX,"Houston, TX",fixer upper,High,Generally permitted - verify current statute,"site:zillow.com ""fixer upper"" ""Houston, TX""",https://www.google.com/search?q=site%3Azillow.com+%22fixer+upper%22+%22Houston%2C+TX%22
"Houston, TX",TX,"Houston, TX",handyman special,High,Generally permitted - verify current statute,"site:zillow.com ""handyman special"" ""Houston, TX""",https://www.google.com/search?q=site%3Azillow.com+%22handyman+special%22+%22Houston%2C+TX%22
"Houston, TX",TX,"Houston, TX",investor special,High,Generally permitted - verify current statute,"site:zillow.com ""investor special"" ""Houston, TX""",https://www.google.com/search?q=site%3Azillow.com+%22investor+special%22+%22Houston%2C+TX%22
"Houston, TX",TX,"Houston, TX",as-is,High,Generally permitted - verify current statute,"site:zillow.com ""as-is"" ""Houston, TX""",https://www.google.com/search?q=site%3Azillow.com+%22as-is%22+%22Houston%2C+TX%22
"Houston, TX",TX,"Houston, TX",needs TLC,High,Generally permitted - verify current statute,"site:zillow.com ""needs TLC"" ""Houston, TX""",https://www.google.com/search?q=site%3Azillow.com+%22needs+TLC%22+%22Houston%2C+TX%22
"Houston, TX",TX,"Houston, TX",probate,High,Generally permitted - verify current statute,"site:zillow.com ""probate"" ""Houston, TX""",https://www.google.com/search?q=site%3Azillow.com+%22probate%22+%22Houston%2C+TX%22
"Houston, TX",TX,"Houston, TX",estate sale,Medium,Generally permitted - verify current statute,"site:zillow.com ""estate sale"" ""Houston, TX""",https://www.google.com/search?q=site%3Azillow.com+%22estate+sale%22+%22Houston%2C+TX%22
"Houston, TX",TX,"Houston, TX",inherited,Medium,Generally permitted - verify current statute,"site:zillow.com ""inherited"" ""Houston, TX""",https://www.google.com/search?q=site%3Azillow.com+%22inherited%22+%22Houston%2C+TX%22
"Houston, TX",TX,"Houston, TX",motivated seller,High,Generally permitted - verify current statute,"site:zillow.com ""motivated seller"" ""Houston, TX""",https://www.google.com/search?q=site%3Azillow.com+%22motivated+seller%22+%22Houston%2C+TX%22
"Houston, TX",TX,"Houston, TX",must sell,Medium,Generally permitted - verify current statute,"site:zillow.com ""must sell"" ""Houston, TX""",https://www.google.com/search?q=site%3Azillow.com+%22must+sell%22+%22Houston%2C+TX%22
"Houston, TX",TX,"Houston, TX",cash only,High,Generally permitted - verify current statute,"site:zillow.com ""cash only"" ""Houston, TX""",https://www.google.com/search?q=site%3Azillow.com+%22cash+only%22+%22Houston%2C+TX%22
"Houston, TX",TX,"Houston, TX",bring all offers,Medium,Generally permitted - verify current statute,"site:zillow.com ""bring all offers"" ""Houston, TX""",https://www.google.com/search?q=site%3Azillow.com+%22bring+all+offers%22+%22Houston%2C+TX%22
"Houston, TX",TX,"Houston, TX",priced to sell,Low,Generally permitted - verify current statute,"site:zillow.com ""priced to sell"" ""Houston, TX""",https://www.google.com/search?q=site%3Azillow.com+%22priced+to+sell%22+%22Houston%2C+TX%22
"Houston, TX",TX,"Houston, TX",tear down,Medium,Generally permitted - verify current statute,"site:zillow.com ""tear down"" ""Houston, TX""",https://www.google.com/search?q=site%3Azillow.com+%22tear+down%22+%22Houston%2C+TX%22
"Houston, TX",TX,"Houston, TX",needs work,Medium,Generally permitted - verify current statute,"site:zillow.com ""needs work"" ""Houston, TX""",https://www.google.com/search?q=site%3Azillow.com+%22needs+work%22+%22Houston%2C+TX%22
"Houston, TX",TX,77016,fixer upper,High,Generally permitted - verify current statute,"site:zillow.com ""fixer upper"" ""77016""",https://www.google.com/search?q=site%3Azillow.com+%22fixer+upper%22+%2277016%22
"Houston, TX",TX,77016,handyman special,High,Generally permitted - verify current statute,"site:zillow.com ""handyman special"" ""77016""",https://www.google.com/search?q=site%3Azillow.com+%22handyman+special%22+%2277016%22
"Houston, TX",TX,77016,investor special,High,Generally permitted - verify current statute,"site:zillow.com ""investor special"" ""77016""",https://www.google.com/search?q=site%3Azillow.com+%22investor+special%22+%2277016%22
"Houston, TX",TX,77016,as-is,High,Generally permitted - verify current statute,"site:zillow.com ""as-is"" ""77016""",https://www.google.com/search?q=site%3Azillow.com+%22as-is%22+%2277016%22
"Houston, TX",TX,77016,needs TLC,High,Generally permitted - verify current statute,"site:zillow.com ""needs TLC"" ""77016""",https://www.google.com/search?q=site%3Azillow.com+%22needs+TLC%22+%2277016%22
"Houston, TX",TX,77016,probate,High,Generally permitted - verify current statute,"site:zillow.com ""probate"" ""77016""",https://www.google.com/search?q=site%3Azillow.com+%22probate%22+%2277016%22
"Houston, TX",TX,77016,estate sale,Medium,Generally permitted - verify current statute,"site:zillow.com ""estate sale"" ""77016""",https://www.google.com/search?q=site%3Azillow.com+%22estate+sale%22+%2277016%22
"Houston, TX",TX,77016,inherited,Medium,Generally permitted - verify current statute,"site:zillow.com ""inherited"" ""77016""",https://www.google.com/search?q=site%3Azillow.com+%22inherited%22+%2277016%22
"Houston, TX",TX,77016,motivated seller,High,Generally permitted - verify current statute,"site:zillow.com ""motivated seller"" ""77016""",https://www.google.com/search?q=site%3Azillow.com+%22motivated+seller%22+%2277016%22
"Houston, TX",TX,77016,must sell,Medium,Generally permitted - verify current statute,"site:zillow.com ""must sell"" ""77016""",https://www.google.com/search?q=site%3Azillow.com+%22must+sell%22+%2277016%22
"Houston, TX",TX,77016,cash only,High,Generally permitted - verify current statute,"site:zillow.com ""cash only"" ""77016""",https://www.google.com/search?q=site%3Azillow.com+%22cash+only%22+%2277016%22
"Houston, TX",TX,77016,bring all offers,Medium,Generally permitted - verify current statute,"site:zillow.com ""bring all offers"" ""77016""",https://www.google.com/search?q=site%3Azillow.com+%22bring+all+offers%22+%2277016%22
"Houston, TX",TX,77016,priced to sell,Low,Generally permitted - verify current statute,"site:zillow.com ""priced to sell"" ""77016""",https://www.google.com/search?q=site%3Azillow.com+%22priced+to+sell%22+%2277016%22
"Houston, TX",TX,77016,tear down,Medium,Generally permitted - verify current statute,"site:zillow.com ""tear down"" ""77016""",https://www.google.com/search?q=site%3Azillow.com+%22tear+down%22+%2277016%22
"Houston, TX",TX,77016,needs work,Medium,Generally permitted - verify current statute,"site:zillow.com ""needs work"" ""77016""",https://www.google.com/search?q=site%3Azillow.com+%22needs+work%22+%2277016%22
"Houston, TX",TX,77026,fixer upper,High,Generally permitted - verify current statute,"site:zillow.com ""fixer upper"" ""77026""",https://www.google.com/search?q=site%3Azillow.com+%22fixer+upper%22+%2277026%22
"Houston, TX",TX,77026,handyman special,High,Generally permitted - verify current statute,"site:zillow.com ""handyman special"" ""77026""",https://www.google.com/search?q=site%3Azillow.com+%22handyman+special%22+%2277026%22
"Houston, TX",TX,77026,investor special,High,Generally permitted - verify current statute,"site:zillow.com ""investor special"" ""77026""",https://www.google.com/search?q=site%3Azillow.com+%22investor+special%22+%2277026%22
"Houston, TX",TX,77026,as-is,High,Generally permitted - verify current statute,"site:zillow.com ""as-is"" ""77026""",https://www.google.com/search?q=site%3Azillow.com+%22as-is%22+%2277026%22
"Houston, TX",TX,77026,needs TLC,High,Generally permitted - verify current statute,"site:zillow.com ""needs TLC"" ""77026""",https://www.google.com/search?q=site%3Azillow.com+%22needs+TLC%22+%2277026%22
"Houston, TX",TX,77026,probate,High,Generally permitted - verify current statute,"site:zillow.com ""probate"" ""77026""",https://www.google.com/search?q=site%3Azillow.com+%22probate%22+%2277026%22
"Houston, TX",TX,77026,estate sale,Medium,Generally permitted - verify current statute,"site:zillow.com ""estate sale"" ""77026""",https://www.google.com/search?q=site%3Azillow.com+%22estate+sale%22+%2277026%22
"Houston, TX",TX,77026,inherited,Medium,Generally permitted - verify current statute,"site:zillow.com ""inherited"" ""77026""",https://www.google.com/search?q=site%3Azillow.com+%22inherited%22+%2277026%22
"Houston, TX",TX,77026,motivated seller,High,Generally permitted - verify current statute,"site:zillow.com ""motivated seller"" ""77026""",https://www.google.com/search?q=site%3Azillow.com+%22motivated+seller%22+%2277026%22
"Houston, TX",TX,77026,must sell,Medium,Generally permitted - verify current statute,"site:zillow.com ""must sell"" ""77026""",https://www.google.com/search?q=site%3Azillow.com+%22must+sell%22+%2277026%22
"Houston, TX",TX,77026,cash only,High,Generally permitted - verify current statute,"site:zillow.com ""cash only"" ""77026""",https://www.google.com/search?q=site%3Azillow.com+%22cash+only%22+%2277026%22
"Houston, TX",TX,77026,bring all offers,Medium,Generally permitted - verify current statute,"site:zillow.com ""bring all offers"" ""77026""",https://www.google.com/search?q=site%3Azillow.com+%22bring+all+offers%22+%2277026%22
"Houston, TX",TX,77026,priced to sell,Low,Generally permitted - verify current statute,"site:zillow.com ""priced to sell"" ""77026""",https://www.google.com/search?q=site%3Azillow.com+%22priced+to+sell%22+%2277026%22
"Houston, TX",TX,77026,tear down,Medium,Generally permitted - verify current statute,"site:zillow.com ""tear down"" ""77026""",https://www.google.com/search?q=site%3Azillow.com+%22tear+down%22+%2277026%22
"Houston, TX",TX,77026,needs work,Medium,Generally permitted - verify current statute,"site:zillow.com ""needs work"" ""77026""",https://www.google.com/search?q=site%3Azillow.com+%22needs+work%22+%2277026%22
"Houston, TX",TX,77028,fixer upper,High,Generally permitted - verify current statute,"site:zillow.com ""fixer upper"" ""77028""",https://www.google.com/search?q=site%3Azillow.com+%22fixer+upper%22+%2277028%22
"Houston, TX",TX,77028,handyman special,High,Generally permitted - verify current statute,"site:zillow.com ""handyman special"" ""77028""",https://www.google.com/search?q=site%3Azillow.com+%22handyman+special%22+%2277028%22
"Houston, TX",TX,77028,investor special,High,Generally permitted - verify current statute,"site:zillow.com ""investor special"" ""77028""",https://www.google.com/search?q=site%3Azillow.com+%22investor+special%22+%2277028%22
"Houston, TX",TX,77028,as-is,High,Generally permitted - verify current statute,"site:zillow.com ""as-is"" ""77028""",https://www.google.com/search?q=site%3Azillow.com+%22as-is%22+%2277028%22
"Houston, TX",TX,77028,needs TLC,High,Generally permitted - verify current statute,"site:zillow.com ""needs TLC"" ""77028""",https://www.google.com/search?q=site%3Azillow.com+%22needs+TLC%22+%2277028%22
"Houston, TX",TX,77028,probate,High,Generally permitted - verify current statute,"site:zillow.com ""probate"" ""77028""",https://www.google.com/search?q=site%3Azillow.com+%22probate%22+%2277028%22
"Houston, TX",TX,77028,estate sale,Medium,Generally permitted - verify current statute,"site:zillow.com ""estate sale"" ""77028""",https://www.google.com/search?q=site%3Azillow.com+%22estate+sale%22+%2277028%22
"Houston, TX",TX,77028,inherited,Medium,Generally permitted - verify current statute,"site:zillow.com ""inherited"" ""77028""",https://www.google.com/search?q=site%3Azillow.com+%22inherited%22+%2277028%22
"Houston, TX",TX,77028,motivated seller,High,Generally permitted - verify current statute,"site:zillow.com ""motivated seller"" ""77028""",https://www.google.com/search?q=site%3Azillow.com+%22motivated+seller%22+%2277028%22
"Houston, TX",TX,77028,must sell,Medium,Generally permitted - verify current statute,"site:zillow.com ""must sell"" ""77028""",https://www.google.com/search?q=site%3Azillow.com+%22must+sell%22+%2277028%22
"Houston, TX",TX,77028,cash only,High,Generally permitted - verify current statute,"site:zillow.com ""cash only"" ""77028""",https://www.google.com/search?q=site%3Azillow.com+%22cash+only%22+%2277028%22
"Houston, TX",TX,77028,bring all offers,Medium,Generally permitted - verify current statute,"site:zillow.com ""bring all offers"" ""77028""",https://www.google.com/search?q=site%3Azillow.com+%22bring+all+offers%22+%2277028%22
"Houston, TX",TX,77028,priced to sell,Low,Generally permitted - verify current statute,"site:zillow.com ""priced to sell"" ""77028""",https://www.google.com/search?q=site%3Azillow.com+%22priced+to+sell%22+%2277028%22
"Houston, TX",TX,77028,tear down,Medium,Generally permitted - verify current statute,"site:zillow.com ""tear down"" ""77028""",https://www.google.com/search?q=site%3Azillow.com+%22tear+down%22+%2277028%22
"Houston, TX",TX,77028,needs work,Medium,Generally permitted - verify current statute,"site:zillow.com ""needs work"" ""77028""",https://www.google.com/search?q=site%3Azillow.com+%22needs+work%22+%2277028%22
"Houston, TX",TX,77033,fixer upper,High,Generally permitted - verify current statute,"site:zillow.com ""fixer upper"" ""77033""",https://www.google.com/search?q=site%3Azillow.com+%22fixer+upper%22+%2277033%22
"Houston, TX",TX,77033,handyman special,High,Generally permitted - verify current statute,"site:zillow.com ""handyman special"" ""77033""",https://www.google.com/search?q=site%3Azillow.com+%22handyman+special%22+%2277033%22
"Houston, TX",TX,77033,investor special,High,Generally permitted - verify current statute,"site:zillow.com ""investor special"" ""77033""",https://www.google.com/search?q=site%3Azillow.com+%22investor+special%22+%2277033%22
"Houston, TX",TX,77033,as-is,High,Generally permitted - verify current statute,"site:zillow.com ""as-is"" ""77033""",https://www.google.com/search?q=site%3Azillow.com+%22as-is%22+%2277033%22
"Houston, TX",TX,77033,needs TLC,High,Generally permitted - verify current statute,"site:zillow.com ""needs TLC"" ""77033""",https://www.google.com/search?q=site%3Azillow.com+%22needs+TLC%22+%2277033%22
"Houston, TX",TX,77033,probate,High,Generally permitted - verify current statute,"site:zillow.com ""probate"" ""77033""",https://www.google.com/search?q=site%3Azillow.com+%22probate%22+%2277033%22
"Houston, TX",TX,77033,estate sale,Medium,Generally permitted - verify current statute,"site:zillow.com ""estate sale"" ""77033""",https://www.google.com/search?q=site%3Azillow.com+%22estate+sale%22+%2277033%22
"Houston, TX",TX,77033,inherited,Medium,Generally permitted - verify current statute,"site:zillow.com ""inherited"" ""77033""",https://www.google.com/search?q=site%3Azillow.com+%22inherited%22+%2277033%22
"Houston, TX",TX,77033,motivated seller,High,Generally permitted - verify current statute,"site:zillow.com ""motivated seller"" ""77033""",https://www.google.com/search?q=site%3Azillow.com+%22motivated+seller%22+%2277033%22
"Houston, TX",TX,77033,must sell,Medium,Generally permitted - verify current statute,"site:zillow.com ""must sell"" ""77033""",https://www.google.com/search?q=site%3Azillow.com+%22must+sell%22+%2277033%22
"Houston, TX",TX,77033,cash only,High,Generally permitted - verify current statute,"site:zillow.com ""cash only"" ""77033""",https://www.google.com/search?q=site%3Azillow.com+%22cash+only%22+%2277033%22
"Houston, TX",TX,77033,bring all offers,Medium,Generally permitted - verify current statute,"site:zillow.com ""bring all offers"" ""77033""",https://www.google.com/search?q=site%3Azillow.com+%22bring+all+offers%22+%2277033%22
"Houston, TX",TX,77033,priced to sell,Low,Generally permitted - verify current statute,"site:zillow.com ""priced to sell"" ""77033""",https://www.google.com/search?q=site%3Azillow.com+%22priced+to+sell%22+%2277033%22
"Houston, TX",TX,77033,tear down,Medium,Generally permitted - verify current statute,"site:zillow.com ""tear down"" ""77033""",https://www.google.com/search?q=site%3Azillow.com+%22tear+down%22+%2277033%22
"Houston, TX",TX,77033,needs work,Medium,Generally permitted - verify current statute,"site:zillow.com ""needs work"" ""77033""",https://www.google.com/search?q=site%3Azillow.com+%22needs+work%22+%2277033%22
"Houston, TX",TX,77051,fixer upper,High,Generally permitted - verify current statute,"site:zillow.com ""fixer upper"" ""77051""",https://www.google.com/search?q=site%3Azillow.com+%22fixer+upper%22+%2277051%22
"Houston, TX",TX,77051,handyman special,High,Generally permitted - verify current statute,"site:zillow.com ""handyman special"" ""77051""",https://www.google.com/search?q=site%3Azillow.com+%22handyman+special%22+%2277051%22
"Houston, TX",TX,77051,investor special,High,Generally permitted - verify current statute,"site:zillow.com ""investor special"" ""77051""",https://www.google.com/search?q=site%3Azillow.com+%22investor+special%22+%2277051%22
"Houston, TX",TX,77051,as-is,High,Generally permitted - verify current statute,"site:zillow.com ""as-is"" ""77051""",https://www.google.com/search?q=site%3Azillow.com+%22as-is%22+%2277051%22
"Houston, TX",TX,77051,needs TLC,High,Generally permitted - verify current statute,"site:zillow.com ""needs TLC"" ""77051""",https://www.google.com/search?q=site%3Azillow.com+%22needs+TLC%22+%2277051%22
"Houston, TX",TX,77051,probate,High,Generally permitted - verify current statute,"site:zillow.com ""probate"" ""77051""",https://www.google.com/search?q=site%3Azillow.com+%22probate%22+%2277051%22
"Houston, TX",TX,77051,estate sale,Medium,Generally permitted - verify current statute,"site:zillow.com ""estate sale"" ""77051""",https://www.google.com/search?q=site%3Azillow.com+%22estate+sale%22+%2277051%22
"Houston, TX",TX,77051,inherited,Medium,Generally permitted - verify current statute,"site:zillow.com ""inherited"" ""77051""",https://www.google.com/search?q=site%3Azillow.com+%22inherited%22+%2277051%22
"Houston, TX",TX,77051,motivated seller,High,Generally permitted - verify current statute,"site:zillow.com ""motivated seller"" ""77051""",https://www.google.com/search?q=site%3Azillow.com+%22motivated+seller%22+%2277051%22
"Houston, TX",TX,77051,must sell,Medium,Generally permitted - verify current statute,"site:zillow.com ""must sell"" ""77051""",https://www.google.com/search?q=site%3Azillow.com+%22must+sell%22+%2277051%22
"Houston, TX",TX,77051,cash only,High,Generally permitted - verify current statute,"site:zillow.com ""cash only"" ""77051""",https://www.google.com/search?q=site%3Azillow.com+%22cash+only%22+%2277051%22
"Houston, TX",TX,77051,bring all offers,Medium,Generally permitted - verify current statute,"site:zillow.com ""bring all offers"" ""77051""",https://www.google.com/search?q=site%3Azillow.com+%22bring+all+offers%22+%2277051%22
"Houston, TX",TX,77051,priced to sell,Low,Generally permitted - verify current statute,"site:zillow.com ""priced to sell"" ""77051""",https://www.google.com/search?q=site%3Azillow.com+%22priced+to+sell%22+%2277051%22
"Houston, TX",TX,77051,tear down,Medium,Generally permitted - verify current statute,"site:zillow.com ""tear down"" ""77051""",https://www.google.com/search?q=site%3Azillow.com+%22tear+down%22+%2277051%22
"Houston, TX",TX,77051,needs work,Medium,Generally permitted - verify current statute,"site:zillow.com ""needs work"" ""77051""",https://www.google.com/search?q=site%3Azillow.com+%22needs+work%22+%2277051%22
"Houston, TX",TX,77088,fixer upper,High,Generally permitted - verify current statute,"site:zillow.com ""fixer upper"" ""77088""",https://www.google.com/search?q=site%3Azillow.com+%22fixer+upper%22+%2277088%22
"Houston, TX",TX,77088,handyman special,High,Generally permitted - verify current statute,"site:zillow.com ""handyman special"" ""77088""",https://www.google.com/search?q=site%3Azillow.com+%22handyman+special%22+%2277088%22
"Houston, TX",TX,77088,investor special,High,Generally permitted - verify current statute,"site:zillow.com ""investor special"" ""77088""",https://www.google.com/search?q=site%3Azillow.com+%22investor+special%22+%2277088%22
"Houston, TX",TX,77088,as-is,High,Generally permitted - verify current statute,"site:zillow.com ""as-is"" ""77088""",https://www.google.com/search?q=site%3Azillow.com+%22as-is%22+%2277088%22
"Houston, TX",TX,77088,needs TLC,High,Generally permitted - verify current statute,"site:zillow.com ""needs TLC"" ""77088""",https://www.google.com/search?q=site%3Azillow.com+%22needs+TLC%22+%2277088%22
"Houston, TX",TX,77088,probate,High,Generally permitted - verify current statute,"site:zillow.com ""probate"" ""77088""",https://www.google.com/search?q=site%3Azillow.com+%22probate%22+%2277088%22
"Houston, TX",TX,77088,estate sale,Medium,Generally permitted - verify current statute,"site:zillow.com ""estate sale"" ""77088""",https://www.google.com/search?q=site%3Azillow.com+%22estate+sale%22+%2277088%22
"Houston, TX",TX,77088,inherited,Medium,Generally permitted - verify current statute,"site:zillow.com ""inherited"" ""77088""",https://www.google.com/search?q=site%3Azillow.com+%22inherited%22+%2277088%22
"Houston, TX",TX,77088,motivated seller,High,Generally permitted - verify current statute,"site:zillow.com ""motivated seller"" ""77088""",https://www.google.com/search?q=site%3Azillow.com+%22motivated+seller%22+%2277088%22
"Houston, TX",TX,77088,must sell,Medium,Generally permitted - verify current statute,"site:zillow.com ""must sell"" ""77088""",https://www.google.com/search?q=site%3Azillow.com+%22must+sell%22+%2277088%22
"Houston, TX",TX,77088,cash only,High,Generally permitted - verify current statute,"site:zillow.com ""cash only"" ""77088""",https://www.google.com/search?q=site%3Azillow.com+%22cash+only%22+%2277088%22
"Houston, TX",TX,77088,bring all offers,Medium,Generally permitted - verify current statute,"site:zillow.com ""bring all offers"" ""77088""",https://www.google.com/search?q=site%3Azillow.com+%22bring+all+offers%22+%2277088%22
"Houston, TX",TX,77088,priced to sell,Low,Generally permitted - verify current statute,"site:zillow.com ""priced to sell"" ""77088""",https://www.google.com/search?q=site%3Azillow.com+%22priced+to+sell%22+%2277088%22
"Houston, TX",TX,77088,tear down,Medium,Generally permitted - verify current statute,"site:zillow.com ""tear down"" ""77088""",https://www.google.com/search?q=site%3Azillow.com+%22tear+down%22+%2277088%22
"Houston, TX",TX,77088,needs work,Medium,Generally permitted - verify current statute,"site:zillow.com ""needs work"" ""77088""",https://www.google.com/search?q=site%3Azillow.com+%22needs+work%22+%2277088%22
"Houston, TX",TX,77091,fixer upper,High,Generally permitted - verify current statute,"site:zillow.com ""fixer upper"" ""77091""",https://www.google.com/search?q=site%3Azillow.com+%22fixer+upper%22+%2277091%22
"Houston, TX",TX,77091,handyman special,High,Generally permitted - verify current statute,"site:zillow.com ""handyman special"" ""77091""",https://www.google.com/search?q=site%3Azillow.com+%22handyman+special%22+%2277091%22
"Houston, TX",TX,77091,investor special,High,Generally permitted - verify current statute,"site:zillow.com ""investor special"" ""77091""",https://www.google.com/search?q=site%3Azillow.com+%22investor+special%22+%2277091%22
"Houston, TX",TX,77091,as-is,High,Generally permitted - verify current statute,"site:zillow.com ""as-is"" ""77091""",https://www.google.com/search?q=site%3Azillow.com+%22as-is%22+%2277091%22
"Houston, TX",TX,77091,needs TLC,High,Generally permitted - verify current statute,"site:zillow.com ""needs TLC"" ""77091""",https://www.google.com/search?q=site%3Azillow.com+%22needs+TLC%22+%2277091%22
"Houston, TX",TX,77091,probate,High,Generally permitted - verify current statute,"site:zillow.com ""probate"" ""77091""",https://www.google.com/search?q=site%3Azillow.com+%22probate%22+%2277091%22
"Houston, TX",TX,77091,estate sale,Medium,Generally permitted - verify current statute,"site:zillow.com ""estate sale"" ""77091""",https://www.google.com/search?q=site%3Azillow.com+%22estate+sale%22+%2277091%22
"Houston, TX",TX,77091,inherited,Medium,Generally permitted - verify current statute,"site:zillow.com ""inherited"" ""77091""",https://www.google.com/search?q=site%3Azillow.com+%22inherited%22+%2277091%22
"Houston, TX",TX,77091,motivated seller,High,Generally permitted - verify current statute,"site:zillow.com ""motivated seller"" ""77091""",https://www.google.com/search?q=site%3Azillow.com+%22motivated+seller%22+%2277091%22
"Houston, TX",TX,77091,must sell,Medium,Generally permitted - verify current statute,"site:zillow.com ""must sell"" ""77091""",https://www.google.com/search?q=site%3Azillow.com+%22must+sell%22+%2277091%22
"Houston, TX",TX,77091,cash only,High,Generally permitted - verify current statute,"site:zillow.com ""cash only"" ""77091""",https://www.google.com/search?q=site%3Azillow.com+%22cash+only%22+%2277091%22
"Houston, TX",TX,77091,bring all offers,Medium,Generally permitted - verify current statute,"site:zillow.com ""bring all offers"" ""77091""",https://www.google.com/search?q=site%3Azillow.com+%22bring+all+offers%22+%2277091%22
"Houston, TX",TX,77091,priced to sell,Low,Generally permitted - verify current statute,"site:zillow.com ""priced to sell"" ""77091""",https://www.google.com/search?q=site%3Azillow.com+%22priced+to+sell%22+%2277091%22
"Houston, TX",TX,77091,tear down,Medium,Generally permitted - verify current statute,"site:zillow.com ""tear down"" ""77091""",https://www.google.com/search?q=site%3Azillow.com+%22tear+down%22+%2277091%22
"Houston, TX",TX,77091,needs work,Medium,Generally permitted - verify current statute,"site:zillow.com ""needs work"" ""77091""",https://www.google.com/search?q=site%3Azillow.com+%22needs+work%22+%2277091%22
"Dallas, TX",TX,"Dallas, TX",fixer upper,High,Generally permitted - verify current statute,"site:zillow.com ""fixer upper"" ""Dallas, TX""",https://www.google.com/search?q=site%3Azillow.com+%22fixer+upper%22+%22Dallas%2C+TX%22
"Dallas, TX",TX,"Dallas, TX",handyman special,High,Generally permitted - verify current statute,"site:zillow.com ""handyman special"" ""Dallas, TX""",https://www.google.com/search?q=site%3Azillow.com+%22handyman+special%22+%22Dallas%2C+TX%22
"Dallas, TX",TX,"Dallas, TX",investor special,High,Generally permitted - verify current statute,"site:zillow.com ""investor special"" ""Dallas, TX""",https://www.google.com/search?q=site%3Azillow.com+%22investor+special%22+%22Dallas%2C+TX%22
"Dallas, TX",TX,"Dallas, TX",as-is,High,Generally permitted - verify current statute,"site:zillow.com ""as-is"" ""Dallas, TX""",https://www.google.com/search?q=site%3Azillow.com+%22as-is%22+%22Dallas%2C+TX%22
"Dallas, TX",TX,"Dallas, TX",needs TLC,High,Generally permitted - verify current statute,"site:zillow.com ""needs TLC"" ""Dallas, TX""",https://www.google.com/search?q=site%3Azillow.com+%22needs+TLC%22+%22Dallas%2C+TX%22
"Dallas, TX",TX,"Dallas, TX",probate,High,Generally permitted - verify current statute,"site:zillow.com ""probate"" ""Dallas, TX""",https://www.google.com/search?q=site%3Azillow.com+%22probate%22+%22Dallas%2C+TX%22
"Dallas, TX",TX,"Dallas, TX",estate sale,Medium,Generally permitted - verify current statute,"site:zillow.com ""estate sale"" ""Dallas, TX""",https://www.google.com/search?q=site%3Azillow.com+%22estate+sale%22+%22Dallas%2C+TX%22
"Dallas, TX",TX,"Dallas, TX",inherited,Medium,Generally permitted - verify current statute,"site:zillow.com ""inherited"" ""Dallas, TX""",https://www.google.com/search?q=site%3Azillow.com+%22inherited%22+%22Dallas%2C+TX%22
"Dallas, TX",TX,"Dallas, TX",motivated seller,High,Generally permitted - verify current statute,"site:zillow.com ""motivated seller"" ""Dallas, TX""",https://www.google.com/search?q=site%3Azillow.com+%22motivated+seller%22+%22Dallas%2C+TX%22
"Dallas, TX",TX,"Dallas, TX",must sell,Medium,Generally permitted - verify current statute,"site:zillow.com ""must sell"" ""Dallas, TX""",https://www.google.com/search?q=site%3Azillow.com+%22must+sell%22+%22Dallas%2C+TX%22
"Dallas, TX",TX,"Dallas, TX",cash only,High,Generally permitted - verify current statute,"site:zillow.com ""cash only"" ""Dallas, TX""",https://www.google.com/search?q=site%3Azillow.com+%22cash+only%22+%22Dallas%2C+TX%22
"Dallas, TX",TX,"Dallas, TX",bring all offers,Medium,Generally permitted - verify current statute,"site:zillow.com ""bring all offers"" ""Dallas, TX""",https://www.google.com/search?q=site%3Azillow.com+%22bring+all+offers%22+%22Dallas%2C+TX%22
"Dallas, TX",TX,"Dallas, TX",priced to sell,Low,Generally permitted - verify current statute,"site:zillow.com ""priced to sell"" ""Dallas, TX""",https://www.google.com/search?q=site%3Azillow.com+%22priced+to+sell%22+%22Dallas%2C+TX%22
"Dallas, TX",TX,"Dallas, TX",tear down,Medium,Generally permitted - verify current statute,"site:zillow.com ""tear down"" ""Dallas, TX""",https://www.google.com/search?q=site%3Azillow.com+%22tear+down%22+%22Dallas%2C+TX%22
"Dallas, TX",TX,"Dallas, TX",needs work,Medium,Generally permitted - verify current statute,"site:zillow.com ""needs work"" ""Dallas, TX""",https://www.google.com/search?q=site%3Azillow.com+%22needs+work%22+%22Dallas%2C+TX%22
"Dallas, TX",TX,75203,fixer upper,High,Generally permitted - verify current statute,"site:zillow.com ""fixer upper"" ""75203""",https://www.google.com/search?q=site%3Azillow.com+%22fixer+upper%22+%2275203%22
"Dallas, TX",TX,75203,handyman special,High,Generally permitted - verify current statute,"site:zillow.com ""handyman special"" ""75203""",https://www.google.com/search?q=site%3Azillow.com+%22handyman+special%22+%2275203%22
"Dallas, TX",TX,75203,investor special,High,Generally permitted - verify current statute,"site:zillow.com ""investor special"" ""75203""",https://www.google.com/search?q=site%3Azillow.com+%22investor+special%22+%2275203%22
"Dallas, TX",TX,75203,as-is,High,Generally permitted - verify current statute,"site:zillow.com ""as-is"" ""75203""",https://www.google.com/search?q=site%3Azillow.com+%22as-is%22+%2275203%22
"Dallas, TX",TX,75203,needs TLC,High,Generally permitted - verify current statute,"site:zillow.com ""needs TLC"" ""75203""",https://www.google.com/search?q=site%3Azillow.com+%22needs+TLC%22+%2275203%22
"Dallas, TX",TX,75203,probate,High,Generally permitted - verify current statute,"site:zillow.com ""probate"" ""75203""",https://www.google.com/search?q=site%3Azillow.com+%22probate%22+%2275203%22
"Dallas, TX",TX,75203,estate sale,Medium,Generally permitted - verify current statute,"site:zillow.com ""estate sale"" ""75203""",https://www.google.com/search?q=site%3Azillow.com+%22estate+sale%22+%2275203%22
"Dallas, TX",TX,75203,inherited,Medium,Generally permitted - verify current statute,"site:zillow.com ""inherited"" ""75203""",https://www.google.com/search?q=site%3Azillow.com+%22inherited%22+%2275203%22
"Dallas, TX",TX,75203,motivated seller,High,Generally permitted - verify current statute,"site:zillow.com ""motivated seller"" ""75203""",https://www.google.com/search?q=site%3Azillow.com+%22motivated+seller%22+%2275203%22
"Dallas, TX",TX,75203,must sell,Medium,Generally permitted - verify current statute,"site:zillow.com ""must sell"" ""75203""",https://www.google.com/search?q=site%3Azillow.com+%22must+sell%22+%2275203%22
"Dallas, TX",TX,75203,cash only,High,Generally permitted - verify current statute,"site:zillow.com ""cash only"" ""75203""",https://www.google.com/search?q=site%3Azillow.com+%22cash+only%22+%2275203%22
"Dallas, TX",TX,75203,bring all offers,Medium,Generally permitted - verify current statute,"site:zillow.com ""bring all offers"" ""75203""",https://www.google.com/search?q=site%3Azillow.com+%22bring+all+offers%22+%2275203%22
"Dallas, TX",TX,75203,priced to sell,Low,Generally permitted - verify current statute,"site:zillow.com ""priced to sell"" ""75203""",https://www.google.com/search?q=site%3Azillow.com+%22priced+to+sell%22+%2275203%22
"Dallas, TX",TX,75203,tear down,Medium,Generally permitted - verify current statute,"site:zillow.com ""tear down"" ""75203""",https://www.google.com/search?q=site%3Azillow.com+%22tear+down%22+%2275203%22
"Dallas, TX",TX,75203,needs work,Medium,Generally permitted - verify current statute,"site:zillow.com ""needs work"" ""75203""",https://www.google.com/search?q=site%3Azillow.com+%22needs+work%22+%2275203%22
"Dallas, TX",TX,75210,fixer upper,High,Generally permitted - verify current statute,"site:zillow.com ""fixer upper"" ""75210""",https://www.google.com/search?q=site%3Azillow.com+%22fixer+upper%22+%2275210%22
"Dallas, TX",TX,75210,handyman special,High,Generally permitted - verify current statute,"site:zillow.com ""handyman special"" ""75210""",https://www.google.com/search?q=site%3Azillow.com+%22handyman+special%22+%2275210%22
"Dallas, TX",TX,75210,investor special,High,Generally permitted - verify current statute,"site:zillow.com ""investor special"" ""75210""",https://www.google.com/search?q=site%3Azillow.com+%22investor+special%22+%2275210%22
"Dallas, TX",TX,75210,as-is,High,Generally permitted - verify current statute,"site:zillow.com ""as-is"" ""75210""",https://www.google.com/search?q=site%3Azillow.com+%22as-is%22+%2275210%22
"Dallas, TX",TX,75210,needs TLC,High,Generally permitted - verify current statute,"site:zillow.com ""needs TLC"" ""75210""",https://www.google.com/search?q=site%3Azillow.com+%22needs+TLC%22+%2275210%22
"Dallas, TX",TX,75210,probate,High,Generally permitted - verify current statute,"site:zillow.com ""probate"" ""75210""",https://www.google.com/search?q=site%3Azillow.com+%22probate%22+%2275210%22
"Dallas, TX",TX,75210,estate sale,Medium,Generally permitted - verify current statute,"site:zillow.com ""estate sale"" ""75210""",https://www.google.com/search?q=site%3Azillow.com+%22estate+sale%22+%2275210%22
"Dallas, TX",TX,75210,inherited,Medium,Generally permitted - verify current statute,"site:zillow.com ""inherited"" ""75210""",https://www.google.com/search?q=site%3Azillow.com+%22inherited%22+%2275210%22
"Dallas, TX",TX,75210,motivated seller,High,Generally permitted - verify current statute,"site:zillow.com ""motivated seller"" ""75210""",https://www.google.com/search?q=site%3Azillow.com+%22motivated+seller%22+%2275210%22
"Dallas, TX",TX,75210,must sell,Medium,Generally permitted - verify current statute,"site:zillow.com ""must sell"" ""75210""",https://www.google.com/search?q=site%3Azillow.com+%22must+sell%22+%2275210%22
"Dallas, TX",TX,75210,cash only,High,Generally permitted - verify current statute,"site:zillow.com ""cash only"" ""75210""",https://www.google.com/search?q=site%3Azillow.com+%22cash+only%22+%2275210%22
"Dallas, TX",TX,75210,bring all offers,Medium,Generally permitted - verify current statute,"site:zillow.com ""bring all offers"" ""75210""",https://www.google.com/search?q=site%3Azillow.com+%22bring+all+offers%22+%2275210%22
"Dallas, TX",TX,75210,priced to sell,Low,Generally permitted - verify current statute,"site:zillow.com ""priced to sell"" ""75210""",https://www.google.com/search?q=site%3Azillow.com+%22priced+to+sell%22+%2275210%22
"Dallas, TX",TX,75210,tear down,Medium,Generally permitted - verify current statute,"site:zillow.com ""tear down"" ""75210""",https://www.google.com/search?q=site%3Azillow.com+%22tear+down%22+%2275210%22
"Dallas, TX",TX,75210,needs work,Medium,Generally permitted - verify current statute,"site:zillow.com ""needs work"" ""75210""",https://www.google.com/search?q=site%3Azillow.com+%22needs+work%22+%2275210%22
"Dallas, TX",TX,75215,fixer upper,High,Generally permitted - verify current statute,"site:zillow.com ""fixer upper"" ""75215""",https://www.google.com/search?q=site%3Azillow.com+%22fixer+upper%22+%2275215%22
"Dallas, TX",TX,75215,handyman special,High,Generally permitted - verify current statute,"site:zillow.com ""handyman special"" ""75215""",https://www.google.com/search?q=site%3Azillow.com+%22handyman+special%22+%2275215%22
"Dallas, TX",TX,75215,investor special,High,Generally permitted - verify current statute,"site:zillow.com ""investor special"" ""75215""",https://www.google.com/search?q=site%3Azillow.com+%22investor+special%22+%2275215%22
"Dallas, TX",TX,75215,as-is,High,Generally permitted - verify current statute,"site:zillow.com ""as-is"" ""75215""",https://www.google.com/search?q=site%3Azillow.com+%22as-is%22+%2275215%22
"Dallas, TX",TX,75215,needs TLC,High,Generally permitted - verify current statute,"site:zillow.com ""needs TLC"" ""75215""",https://www.google.com/search?q=site%3Azillow.com+%22needs+TLC%22+%2275215%22
"Dallas, TX",TX,75215,probate,High,Generally permitted - verify current statute,"site:zillow.com ""probate"" ""75215""",https://www.google.com/search?q=site%3Azillow.com+%22probate%22+%2275215%22
"Dallas, TX",TX,75215,estate sale,Medium,Generally permitted - verify current statute,"site:zillow.com ""estate sale"" ""75215""",https://www.google.com/search?q=site%3Azillow.com+%22estate+sale%22+%2275215%22
"Dallas, TX",TX,75215,inherited,Medium,Generally permitted - verify current statute,"site:zillow.com ""inherited"" ""75215""",https://www.google.com/search?q=site%3Azillow.com+%22inherited%22+%2275215%22
"Dallas, TX",TX,75215,motivated seller,High,Generally permitted - verify current statute,"site:zillow.com ""motivated seller"" ""75215""",https://www.google.com/search?q=site%3Azillow.com+%22motivated+seller%22+%2275215%22
"Dallas, TX",TX,75215,must sell,Medium,Generally permitted - verify current statute,"site:zillow.com ""must sell"" ""75215""",https://www.google.com/search?q=site%3Azillow.com+%22must+sell%22+%2275215%22
"Dallas, TX",TX,75215,cash only,High,Generally permitted - verify current statute,"site:zillow.com ""cash only"" ""75215""",https://www.google.com/search?q=site%3Azillow.com+%22cash+only%22+%2275215%22
"Dallas, TX",TX,75215,bring all offers,Medium,Generally permitted - verify current statute,"site:zillow.com ""bring all offers"" ""75215""",https://www.google.com/search?q=site%3Azillow.com+%22bring+all+offers%22+%2275215%22
"Dallas, TX",TX,75215,priced to sell,Low,Generally permitted - verify current statute,"site:zillow.com ""priced to sell"" ""75215""",https://www.google.com/search?q=site%3Azillow.com+%22priced+to+sell%22+%2275215%22
"Dallas, TX",TX,75215,tear down,Medium,Generally permitted - verify current statute,"site:zillow.com ""tear down"" ""75215""",https://www.google.com/search?q=site%3Azillow.com+%22tear+down%22+%2275215%22
"Dallas, TX",TX,75215,needs work,Medium,Generally permitted - verify current statute,"site:zillow.com ""needs work"" ""75215""",https://www.google.com/search?q=site%3Azillow.com+%22needs+work%22+%2275215%22
"Dallas, TX",TX,75216,fixer upper,High,Generally permitted - verify current statute,"site:zillow.com ""fixer upper"" ""75216""",https://www.google.com/search?q=site%3Azillow.com+%22fixer+upper%22+%2275216%22
"Dallas, TX",TX,75216,handyman special,High,Generally permitted - verify current statute,"site:zillow.com ""handyman special"" ""75216""",https://www.google.com/search?q=site%3Azillow.com+%22handyman+special%22+%2275216%22
"Dallas, TX",TX,75216,investor special,High,Generally permitted - verify current statute,"site:zillow.com ""investor special"" ""75216""",https://www.google.com/search?q=site%3Azillow.com+%22investor+special%22+%2275216%22
"Dallas, TX",TX,75216,as-is,High,Generally permitted - verify current statute,"site:zillow.com ""as-is"" ""75216""",https://www.google.com/search?q=site%3Azillow.com+%22as-is%22+%2275216%22
"Dallas, TX",TX,75216,needs TLC,High,Generally permitted - verify current statute,"site:zillow.com ""needs TLC"" ""75216""",https://www.google.com/search?q=site%3Azillow.com+%22needs+TLC%22+%2275216%22
"Dallas, TX",TX,75216,probate,High,Generally permitted - verify current statute,"site:zillow.com ""probate"" ""75216""",https://www.google.com/search?q=site%3Azillow.com+%22probate%22+%2275216%22
"Dallas, TX",TX,75216,estate sale,Medium,Generally permitted - verify current statute,"site:zillow.com ""estate sale"" ""75216""",https://www.google.com/search?q=site%3Azillow.com+%22estate+sale%22+%2275216%22
"Dallas, TX",TX,75216,inherited,Medium,Generally permitted - verify current statute,"site:zillow.com ""inherited"" ""75216""",https://www.google.com/search?q=site%3Azillow.com+%22inherited%22+%2275216%22
"Dallas, TX",TX,75216,motivated seller,High,Generally permitted - verify current statute,"site:zillow.com ""motivated seller"" ""75216""",https://www.google.com/search?q=site%3Azillow.com+%22motivated+seller%22+%2275216%22
"Dallas, TX",TX,75216,must sell,Medium,Generally permitted - verify current statute,"site:zillow.com ""must sell"" ""75216""",https://www.google.com/search?q=site%3Azillow.com+%22must+sell%22+%2275216%22
"Dallas, TX",TX,75216,cash only,High,Generally permitted - verify current statute,"site:zillow.com ""cash only"" ""75216""",https://www.google.com/search?q=site%3Azillow.com+%22cash+only%22+%2275216%22
"Dallas, TX",TX,75216,bring all offers,Medium,Generally permitted - verify current statute,"site:zillow.com ""bring all offers"" ""75216""",https://www.google.com/search?q=site%3Azillow.com+%22bring+all+offers%22+%2275216%22
"Dallas, TX",TX,75216,priced to sell,Low,Generally permitted - verify current statute,"site:zillow.com ""priced to sell"" ""75216""",https://www.google.com/search?q=site%3Azillow.com+%22priced+to+sell%22+%2275216%22
"Dallas, TX",TX,75216,tear down,Medium,Generally permitted - verify current statute,"site:zillow.com ""tear down"" ""75216""",https://www.google.com/search?q=site%3Azillow.com+%22tear+down%22+%2275216%22
"Dallas, TX",TX,75216,needs work,Medium,Generally permitted - verify current statute,"site:zillow.com ""needs work"" ""75216""",https://www.google.com/search?q=site%3Azillow.com+%22needs+work%22+%2275216%22
"Dallas, TX",TX,75217,fixer upper,High,Generally permitted - verify current statute,"site:zillow.com ""fixer upper"" ""75217""",https://www.google.com/search?q=site%3Azillow.com+%22fixer+upper%22+%2275217%22
"Dallas, TX",TX,75217,handyman special,High,Generally permitted - verify current statute,"site:zillow.com ""handyman special"" ""75217""",https://www.google.com/search?q=site%3Azillow.com+%22handyman+special%22+%2275217%22
"Dallas, TX",TX,75217,investor special,High,Generally permitted - verify current statute,"site:zillow.com ""investor special"" ""75217""",https://www.google.com/search?q=site%3Azillow.com+%22investor+special%22+%2275217%22
"Dallas, TX",TX,75217,as-is,High,Generally permitted - verify current statute,"site:zillow.com ""as-is"" ""75217""",https://www.google.com/search?q=site%3Azillow.com+%22as-is%22+%2275217%22
"Dallas, TX",TX,75217,needs TLC,High,Generally permitted - verify current statute,"site:zillow.com ""needs TLC"" ""75217""",https://www.google.com/search?q=site%3Azillow.com+%22needs+TLC%22+%2275217%22
"Dallas, TX",TX,75217,probate,High,Generally permitted - verify current statute,"site:zillow.com ""probate"" ""75217""",https://www.google.com/search?q=site%3Azillow.com+%22probate%22+%2275217%22
"Dallas, TX",TX,75217,estate sale,Medium,Generally permitted - verify current statute,"site:zillow.com ""estate sale"" ""75217""",https://www.google.com/search?q=site%3Azillow.com+%22estate+sale%22+%2275217%22
"Dallas, TX",TX,75217,inherited,Medium,Generally permitted - verify current statute,"site:zillow.com ""inherited"" ""75217""",https://www.google.com/search?q=site%3Azillow.com+%22inherited%22+%2275217%22
"Dallas, TX",TX,75217,motivated seller,High,Generally permitted - verify current statute,"site:zillow.com ""motivated seller"" ""75217""",https://www.google.com/search?q=site%3Azillow.com+%22motivated+seller%22+%2275217%22
"Dallas, TX",TX,75217,must sell,Medium,Generally permitted - verify current statute,"site:zillow.com ""must sell"" ""75217""",https://www.google.com/search?q=site%3Azillow.com+%22must+sell%22+%2275217%22
"Dallas, TX",TX,75217,cash only,High,Generally permitted - verify current statute,"site:zillow.com ""cash only"" ""75217""",https://www.google.com/search?q=site%3Azillow.com+%22cash+only%22+%2275217%22
"Dallas, TX",TX,75217,bring all offers,Medium,Generally permitted - verify current statute,"site:zillow.com ""bring all offers"" ""75217""",https://www.google.com/search?q=site%3Azillow.com+%22bring+all+offers%22+%2275217%22
"Dallas, TX",TX,75217,priced to sell,Low,Generally permitted - verify current statute,"site:zillow.com ""priced to sell"" ""75217""",https://www.google.com/search?q=site%3Azillow.com+%22priced+to+sell%22+%2275217%22
"Dallas, TX",TX,75217,tear down,Medium,Generally permitted - verify current statute,"site:zillow.com ""tear down"" ""75217""",https://www.google.com/search?q=site%3Azillow.com+%22tear+down%22+%2275217%22
"Dallas, TX",TX,75217,needs work,Medium,Generally permitted - verify current statute,"site:zillow.com ""needs work"" ""75217""",https://www.google.com/search?q=site%3Azillow.com+%22needs+work%22+%2275217%22
"Dallas, TX",TX,75227,fixer upper,High,Generally permitted - verify current statute,"site:zillow.com ""fixer upper"" ""75227""",https://www.google.com/search?q=site%3Azillow.com+%22fixer+upper%22+%2275227%22
"Dallas, TX",TX,75227,handyman special,High,Generally permitted - verify current statute,"site:zillow.com ""handyman special"" ""75227""",https://www.google.com/search?q=site%3Azillow.com+%22handyman+special%22+%2275227%22
"Dallas, TX",TX,75227,investor special,High,Generally permitted - verify current statute,"site:zillow.com ""investor special"" ""75227""",https://www.google.com/search?q=site%3Azillow.com+%22investor+special%22+%2275227%22
"Dallas, TX",TX,75227,as-is,High,Generally permitted - verify current statute,"site:zillow.com ""as-is"" ""75227""",https://www.google.com/search?q=site%3Azillow.com+%22as-is%22+%2275227%22
"Dallas, TX",TX,75227,needs TLC,High,Generally permitted - verify current statute,"site:zillow.com ""needs TLC"" ""75227""",https://www.google.com/search?q=site%3Azillow.com+%22needs+TLC%22+%2275227%22
"Dallas, TX",TX,75227,probate,High,Generally permitted - verify current statute,"site:zillow.com ""probate"" ""75227""",https://www.google.com/search?q=site%3Azillow.com+%22probate%22+%2275227%22
"Dallas, TX",TX,75227,estate sale,Medium,Generally permitted - verify current statute,"site:zillow.com ""estate sale"" ""75227""",https://www.google.com/search?q=site%3Azillow.com+%22estate+sale%22+%2275227%22
"Dallas, TX",TX,75227,inherited,Medium,Generally permitted - verify current statute,"site:zillow.com ""inherited"" ""75227""",https://www.google.com/search?q=site%3Azillow.com+%22inherited%22+%2275227%22
"Dallas, TX",TX,75227,motivated seller,High,Generally permitted - verify current statute,"site:zillow.com ""motivated seller"" ""75227""",https://www.google.com/search?q=site%3Azillow.com+%22motivated+seller%22+%2275227%22
"Dallas, TX",TX,75227,must sell,Medium,Generally permitted - verify current statute,"site:zillow.com ""must sell"" ""75227""",https://www.google.com/search?q=site%3Azillow.com+%22must+sell%22+%2275227%22
"Dallas, TX",TX,75227,cash only,High,Generally permitted - verify current statute,"site:zillow.com ""cash only"" ""75227""",https://www.google.com/search?q=site%3Azillow.com+%22cash+only%22+%2275227%22
"Dallas, TX",TX,75227,bring all offers,Medium,Generally permitted - verify current statute,"site:zillow.com ""bring all offers"" ""75227""",https://www.google.com/search?q=site%3Azillow.com+%22bring+all+offers%22+%2275227%22
"Dallas, TX",TX,75227,priced to sell,Low,Generally permitted - verify current statute,"site:zillow.com ""priced to sell"" ""75227""",https://www.google.com/search?q=site%3Azillow.com+%22priced+to+sell%22+%2275227%22
"Dallas, TX",TX,75227,tear down,Medium,Generally permitted - verify current statute,"site:zillow.com ""tear down"" ""75227""",https://www.google.com/search?q=site%3Azillow.com+%22tear+down%22+%2275227%22
"Dallas, TX",TX,75227,needs work,Medium,Generally permitted - verify current statute,"site:zillow.com ""needs work"" ""75227""",https://www.google.com/search?q=site%3Azillow.com+%22needs+work%22+%2275227%22
"Fort Worth, TX",TX,"Fort Worth, TX",fixer upper,High,Generally permitted - verify current statute,"site:zillow.com ""fixer upper"" ""Fort Worth, TX""",https://www.google.com/search?q=site%3Azillow.com+%22fixer+upper%22+%22Fort+Worth%2C+TX%22
"Fort Worth, TX",TX,"Fort Worth, TX",handyman special,High,Generally permitted - verify current statute,"site:zillow.com ""handyman special"" ""Fort Worth, TX""",https://www.google.com/search?q=site%3Azillow.com+%22handyman+special%22+%22Fort+Worth%2C+TX%22
"Fort Worth, TX",TX,"Fort Worth, TX",investor special,High,Generally permitted - verify current statute,"site:zillow.com ""investor special"" ""Fort Worth, TX""",https://www.google.com/search?q=site%3Azillow.com+%22investor+special%22+%22Fort+Worth%2C+TX%22
"Fort Worth, TX",TX,"Fort Worth, TX",as-is,High,Generally permitted - verify current statute,"site:zillow.com ""as-is"" ""Fort Worth, TX""",https://www.google.com/search?q=site%3Azillow.com+%22as-is%22+%22Fort+Worth%2C+TX%22
"Fort Worth, TX",TX,"Fort Worth, TX",needs TLC,High,Generally permitted - verify current statute,"site:zillow.com ""needs TLC"" ""Fort Worth, TX""",https://www.google.com/search?q=site%3Azillow.com+%22needs+TLC%22+%22Fort+Worth%2C+TX%22
"Fort Worth, TX",TX,"Fort Worth, TX",probate,High,Generally permitted - verify current statute,"site:zillow.com ""probate"" ""Fort Worth, TX""",https://www.google.com/search?q=site%3Azillow.com+%22probate%22+%22Fort+Worth%2C+TX%22
"Fort Worth, TX",TX,"Fort Worth, TX",estate sale,Medium,Generally permitted - verify current statute,"site:zillow.com ""estate sale"" ""Fort Worth, TX""",https://www.google.com/search?q=site%3Azillow.com+%22estate+sale%22+%22Fort+Worth%2C+TX%22
"Fort Worth, TX",TX,"Fort Worth, TX",inherited,Medium,Generally permitted - verify current statute,"site:zillow.com ""inherited"" ""Fort Worth, TX""",https://www.google.com/search?q=site%3Azillow.com+%22inherited%22+%22Fort+Worth%2C+TX%22
"Fort Worth, TX",TX,"Fort Worth, TX",motivated seller,High,Generally permitted - verify current statute,"site:zillow.com ""motivated seller"" ""Fort Worth, TX""",https://www.google.com/search?q=site%3Azillow.com+%22motivated+seller%22+%22Fort+Worth%2C+TX%22
"Fort Worth, TX",TX,"Fort Worth, TX",must sell,Medium,Generally permitted - verify current statute,"site:zillow.com ""must sell"" ""Fort Worth, TX""",https://www.google.com/search?q=site%3Azillow.com+%22must+sell%22+%22Fort+Worth%2C+TX%22
"Fort Worth, TX",TX,"Fort Worth, TX",cash only,High,Generally permitted - verify current statute,"site:zillow.com ""cash only"" ""Fort Worth, TX""",https://www.google.com/search?q=site%3Azillow.com+%22cash+only%22+%22Fort+Worth%2C+TX%22
"Fort Worth, TX",TX,"Fort Worth, TX",bring all offers,Medium,Generally permitted - verify current statute,"site:zillow.com ""bring all offers"" ""Fort Worth, TX""",https://www.google.com/search?q=site%3Azillow.com+%22bring+all+offers%22+%22Fort+Worth%2C+TX%22
"Fort Worth, TX",TX,"Fort Worth, TX",priced to sell,Low,Generally permitted - verify current statute,"site:zillow.com ""priced to sell"" ""Fort Worth, TX""",https://www.google.com/search?q=site%3Azillow.com+%22priced+to+sell%22+%22Fort+Worth%2C+TX%22
"Fort Worth, TX",TX,"Fort Worth, TX",tear down,Medium,Generally permitted - verify current statute,"site:zillow.com ""tear down"" ""Fort Worth, TX""",https://www.google.com/search?q=site%3Azillow.com+%22tear+down%22+%22Fort+Worth%2C+TX%22
"Fort Worth, TX",TX,"Fort Worth, TX",needs work,Medium,Generally permitted - verify current statute,"site:zillow.com ""needs work"" ""Fort Worth, TX""",https://www.google.com/search?q=site%3Azillow.com+%22needs+work%22+%22Fort+Worth%2C+TX%22
"Fort Worth, TX",TX,76104,fixer upper,High,Generally permitted - verify current statute,"site:zillow.com ""fixer upper"" ""76104""",https://www.google.com/search?q=site%3Azillow.com+%22fixer+upper%22+%2276104%22
"Fort Worth, TX",TX,76104,handyman special,High,Generally permitted - verify current statute,"site:zillow.com ""handyman special"" ""76104""",https://www.google.com/search?q=site%3Azillow.com+%22handyman+special%22+%2276104%22
"Fort Worth, TX",TX,76104,investor special,High,Generally permitted - verify current statute,"site:zillow.com ""investor special"" ""76104""",https://www.google.com/search?q=site%3Azillow.com+%22investor+special%22+%2276104%22
"Fort Worth, TX",TX,76104,as-is,High,Generally permitted - verify current statute,"site:zillow.com ""as-is"" ""76104""",https://www.google.com/search?q=site%3Azillow.com+%22as-is%22+%2276104%22
"Fort Worth, TX",TX,76104,needs TLC,High,Generally permitted - verify current statute,"site:zillow.com ""needs TLC"" ""76104""",https://www.google.com/search?q=site%3Azillow.com+%22needs+TLC%22+%2276104%22
"Fort Worth, TX",TX,76104,probate,High,Generally permitted - verify current statute,"site:zillow.com ""probate"" ""76104""",https://www.google.com/search?q=site%3Azillow.com+%22probate%22+%2276104%22
"Fort Worth, TX",TX,76104,estate sale,Medium,Generally permitted - verify current statute,"site:zillow.com ""estate sale"" ""76104""",https://www.google.com/search?q=site%3Azillow.com+%22estate+sale%22+%2276104%22
"Fort Worth, TX",TX,76104,inherited,Medium,Generally permitted - verify current statute,"site:zillow.com ""inherited"" ""76104""",https://www.google.com/search?q=site%3Azillow.com+%22inherited%22+%2276104%22
"Fort Worth, TX",TX,76104,motivated seller,High,Generally permitted - verify current statute,"site:zillow.com ""motivated seller"" ""76104""",https://www.google.com/search?q=site%3Azillow.com+%22motivated+seller%22+%2276104%22
"Fort Worth, TX",TX,76104,must sell,Medium,Generally permitted - verify current statute,"site:zillow.com ""must sell"" ""76104""",https://www.google.com/search?q=site%3Azillow.com+%22must+sell%22+%2276104%22
"Fort Worth, TX",TX,76104,cash only,High,Generally permitted - verify current statute,"site:zillow.com ""cash only"" ""76104""",https://www.google.com/search?q=site%3Azillow.com+%22cash+only%22+%2276104%22
"Fort Worth, TX",TX,76104,bring all offers,Medium,Generally permitted - verify current statute,"site:zillow.com ""bring all offers"" ""76104""",https://www.google.com/search?q=site%3Azillow.com+%22bring+all+offers%22+%2276104%22
"Fort Worth, TX",TX,76104,priced to sell,Low,Generally permitted - verify current statute,"site:zillow.com ""priced to sell"" ""76104""",https://www.google.com/search?q=site%3Azillow.com+%22priced+to+sell%22+%2276104%22
"Fort Worth, TX",TX,76104,tear down,Medium,Generally permitted - verify current statute,"site:zillow.com ""tear down"" ""76104""",https://www.google.com/search?q=site%3Azillow.com+%22tear+down%22+%2276104%22
"Fort Worth, TX",TX,76104,needs work,Medium,Generally permitted - verify current statute,"site:zillow.com ""needs work"" ""76104""",https://www.google.com/search?q=site%3Azillow.com+%22needs+work%22+%2276104%22
"Fort Worth, TX",TX,76105,fixer upper,High,Generally permitted - verify current statute,"site:zillow.com ""fixer upper"" ""76105""",https://www.google.com/search?q=site%3Azillow.com+%22fixer+upper%22+%2276105%22
"Fort Worth, TX",TX,76105,handyman special,High,Generally permitted - verify current statute,"site:zillow.com ""handyman special"" ""76105""",https://www.google.com/search?q=site%3Azillow.com+%22handyman+special%22+%2276105%22
"Fort Worth, TX",TX,76105,investor special,High,Generally permitted - verify current statute,"site:zillow.com ""investor special"" ""76105""",https://www.google.com/search?q=site%3Azillow.com+%22investor+special%22+%2276105%22
"Fort Worth, TX",TX,76105,as-is,High,Generally permitted - verify current statute,"site:zillow.com ""as-is"" ""76105""",https://www.google.com/search?q=site%3Azillow.com+%22as-is%22+%2276105%22
"Fort Worth, TX",TX,76105,needs TLC,High,Generally permitted - verify current statute,"site:zillow.com ""needs TLC"" ""76105""",https://www.google.com/search?q=site%3Azillow.com+%22needs+TLC%22+%2276105%22
"Fort Worth, TX",TX,76105,probate,High,Generally permitted - verify current statute,"site:zillow.com ""probate"" ""76105""",https://www.google.com/search?q=site%3Azillow.com+%22probate%22+%2276105%22
"Fort Worth, TX",TX,76105,estate sale,Medium,Generally permitted - verify current statute,"site:zillow.com ""estate sale"" ""76105""",https://www.google.com/search?q=site%3Azillow.com+%22estate+sale%22+%2276105%22
"Fort Worth, TX",TX,76105,inherited,Medium,Generally permitted - verify current statute,"site:zillow.com ""inherited"" ""76105""",https://www.google.com/search?q=site%3Azillow.com+%22inherited%22+%2276105%22
"Fort Worth, TX",TX,76105,motivated seller,High,Generally permitted - verify current statute,"site:zillow.com ""motivated seller"" ""76105""",https://www.google.com/search?q=site%3Azillow.com+%22motivated+seller%22+%2276105%22
"Fort Worth, TX",TX,76105,must sell,Medium,Generally permitted - verify current statute,"site:zillow.com ""must sell"" ""76105""",https://www.google.com/search?q=site%3Azillow.com+%22must+sell%22+%2276105%22
"Fort Worth, TX",TX,76105,cash only,High,Generally permitted - verify current statute,"site:zillow.com ""cash only"" ""76105""",https://www.google.com/search?q=site%3Azillow.com+%22cash+only%22+%2276105%22
"Fort Worth, TX",TX,76105,bring all offers,Medium,Generally permitted - verify current statute,"site:zillow.com ""bring all offers"" ""76105""",https://www.google.com/search?q=site%3Azillow.com+%22bring+all+offers%22+%2276105%22
"Fort Worth, TX",TX,76105,priced to sell,Low,Generally permitted - verify current statute,"site:zillow.com ""priced to sell"" ""76105""",https://www.google.com/search?q=site%3Azillow.com+%22priced+to+sell%22+%2276105%22
"Fort Worth, TX",TX,76105,tear down,Medium,Generally permitted - verify current statute,"site:zillow.com ""tear down"" ""76105""",https://www.google.com/search?q=site%3Azillow.com+%22tear+down%22+%2276105%22
"Fort Worth, TX",TX,76105,needs work,Medium,Generally permitted - verify current statute,"site:zillow.com ""needs work"" ""76105""",https://www.google.com/search?q=site%3Azillow.com+%22needs+work%22+%2276105%22
"Fort Worth, TX",TX,76106,fixer upper,High,Generally permitted - verify current statute,"site:zillow.com ""fixer upper"" ""76106""",https://www.google.com/search?q=site%3Azillow.com+%22fixer+upper%22+%2276106%22
"Fort Worth, TX",TX,76106,handyman special,High,Generally permitted - verify current statute,"site:zillow.com ""handyman special"" ""76106""",https://www.google.com/search?q=site%3Azillow.com+%22handyman+special%22+%2276106%22
"Fort Worth, TX",TX,76106,investor special,High,Generally permitted - verify current statute,"site:zillow.com ""investor special"" ""76106""",https://www.google.com/search?q=site%3Azillow.com+%22investor+special%22+%2276106%22
"Fort Worth, TX",TX,76106,as-is,High,Generally permitted - verify current statute,"site:zillow.com ""as-is"" ""76106""",https://www.google.com/search?q=site%3Azillow.com+%22as-is%22+%2276106%22
"Fort Worth, TX",TX,76106,needs TLC,High,Generally permitted - verify current statute,"site:zillow.com ""needs TLC"" ""76106""",https://www.google.com/search?q=site%3Azillow.com+%22needs+TLC%22+%2276106%22
"Fort Worth, TX",TX,76106,probate,High,Generally permitted - verify current statute,"site:zillow.com ""probate"" ""76106""",https://www.google.com/search?q=site%3Azillow.com+%22probate%22+%2276106%22
"Fort Worth, TX",TX,76106,estate sale,Medium,Generally permitted - verify current statute,"site:zillow.com ""estate sale"" ""76106""",https://www.google.com/search?q=site%3Azillow.com+%22estate+sale%22+%2276106%22
"Fort Worth, TX",TX,76106,inherited,Medium,Generally permitted - verify current statute,"site:zillow.com ""inherited"" ""76106""",https://www.google.com/search?q=site%3Azillow.com+%22inherited%22+%2276106%22
"Fort Worth, TX",TX,76106,motivated seller,High,Generally permitted - verify current statute,"site:zillow.com ""motivated seller"" ""76106""",https://www.google.com/search?q=site%3Azillow.com+%22motivated+seller%22+%2276106%22
"Fort Worth, TX",TX,76106,must sell,Medium,Generally permitted - verify current statute,"site:zillow.com ""must sell"" ""76106""",https://www.google.com/search?q=site%3Azillow.com+%22must+sell%22+%2276106%22
"Fort Worth, TX",TX,76106,cash only,High,Generally permitted - verify current statute,"site:zillow.com ""cash only"" ""76106""",https://www.google.com/search?q=site%3Azillow.com+%22cash+only%22+%2276106%22
"Fort Worth, TX",TX,76106,bring all offers,Medium,Generally permitted - verify current statute,"site:zillow.com ""bring all offers"" ""76106""",https://www.google.com/search?q=site%3Azillow.com+%22bring+all+offers%22+%2276106%22
"Fort Worth, TX",TX,76106,priced to sell,Low,Generally permitted - verify current statute,"site:zillow.com ""priced to sell"" ""76106""",https://www.google.com/search?q=site%3Azillow.com+%22priced+to+sell%22+%2276106%22
"Fort Worth, TX",TX,76106,tear down,Medium,Generally permitted - verify current statute,"site:zillow.com ""tear down"" ""76106""",https://www.google.com/search?q=site%3Azillow.com+%22tear+down%22+%2276106%22
"Fort Worth, TX",TX,76106,needs work,Medium,Generally permitted - verify current statute,"site:zillow.com ""needs work"" ""76106""",https://www.google.com/search?q=site%3Azillow.com+%22needs+work%22+%2276106%22
"Fort Worth, TX",TX,76110,fixer upper,High,Generally permitted - verify current statute,"site:zillow.com ""fixer upper"" ""76110""",https://www.google.com/search?q=site%3Azillow.com+%22fixer+upper%22+%2276110%22
"Fort Worth, TX",TX,76110,handyman special,High,Generally permitted - verify current statute,"site:zillow.com ""handyman special"" ""76110""",https://www.google.com/search?q=site%3Azillow.com+%22handyman+special%22+%2276110%22
"Fort Worth, TX",TX,76110,investor special,High,Generally permitted - verify current statute,"site:zillow.com ""investor special"" ""76110""",https://www.google.com/search?q=site%3Azillow.com+%22investor+special%22+%2276110%22
"Fort Worth, TX",TX,76110,as-is,High,Generally permitted - verify current statute,"site:zillow.com ""as-is"" ""76110""",https://www.google.com/search?q=site%3Azillow.com+%22as-is%22+%2276110%22
"Fort Worth, TX",TX,76110,needs TLC,High,Generally permitted - verify current statute,"site:zillow.com ""needs TLC"" ""76110""",https://www.google.com/search?q=site%3Azillow.com+%22needs+TLC%22+%2276110%22
"Fort Worth, TX",TX,76110,probate,High,Generally permitted - verify current statute,"site:zillow.com ""probate"" ""76110""",https://www.google.com/search?q=site%3Azillow.com+%22probate%22+%2276110%22
"Fort Worth, TX",TX,76110,estate sale,Medium,Generally permitted - verify current statute,"site:zillow.com ""estate sale"" ""76110""",https://www.google.com/search?q=site%3Azillow.com+%22estate+sale%22+%2276110%22
"Fort Worth, TX",TX,76110,inherited,Medium,Generally permitted - verify current statute,"site:zillow.com ""inherited"" ""76110""",https://www.google.com/search?q=site%3Azillow.com+%22inherited%22+%2276110%22
"Fort Worth, TX",TX,76110,motivated seller,High,Generally permitted - verify current statute,"site:zillow.com ""motivated seller"" ""76110""",https://www.google.com/search?q=site%3Azillow.com+%22motivated+seller%22+%2276110%22
"Fort Worth, TX",TX,76110,must sell,Medium,Generally permitted - verify current statute,"site:zillow.com ""must sell"" ""76110""",https://www.google.com/search?q=site%3Azillow.com+%22must+sell%22+%2276110%22
"Fort Worth, TX",TX,76110,cash only,High,Generally permitted - verify current statute,"site:zillow.com ""cash only"" ""76110""",https://www.google.com/search?q=site%3Azillow.com+%22cash+only%22+%2276110%22
"Fort Worth, TX",TX,76110,bring all offers,Medium,Generally permitted - verify current statute,"site:zillow.com ""bring all offers"" ""76110""",https://www.google.com/search?q=site%3Azillow.com+%22bring+all+offers%22+%2276110%22
"Fort Worth, TX",TX,76110,priced to sell,Low,Generally permitted - verify current statute,"site:zillow.com ""priced to sell"" ""76110""",https://www.google.com/search?q=site%3Azillow.com+%22priced+to+sell%22+%2276110%22
"Fort Worth, TX",TX,76110,tear down,Medium,Generally permitted - verify current statute,"site:zillow.com ""tear down"" ""76110""",https://www.google.com/search?q=site%3Azillow.com+%22tear+down%22+%2276110%22
"Fort Worth, TX",TX,76110,needs work,Medium,Generally permitted - verify current statute,"site:zillow.com ""needs work"" ""76110""",https://www.google.com/search?q=site%3Azillow.com+%22needs+work%22+%2276110%22
"Fort Worth, TX",TX,76112,fixer upper,High,Generally permitted - verify current statute,"site:zillow.com ""fixer upper"" ""76112""",https://www.google.com/search?q=site%3Azillow.com+%22fixer+upper%22+%2276112%22
"Fort Worth, TX",TX,76112,handyman special,High,Generally permitted - verify current statute,"site:zillow.com ""handyman special"" ""76112""",https://www.google.com/search?q=site%3Azillow.com+%22handyman+special%22+%2276112%22
"Fort Worth, TX",TX,76112,investor special,High,Generally permitted - verify current statute,"site:zillow.com ""investor special"" ""76112""",https://www.google.com/search?q=site%3Azillow.com+%22investor+special%22+%2276112%22
"Fort Worth, TX",TX,76112,as-is,High,Generally permitted - verify current statute,"site:zillow.com ""as-is"" ""76112""",https://www.google.com/search?q=site%3Azillow.com+%22as-is%22+%2276112%22
"Fort Worth, TX",TX,76112,needs TLC,High,Generally permitted - verify current statute,"site:zillow.com ""needs TLC"" ""76112""",https://www.google.com/search?q=site%3Azillow.com+%22needs+TLC%22+%2276112%22
"Fort Worth, TX",TX,76112,probate,High,Generally permitted - verify current statute,"site:zillow.com ""probate"" ""76112""",https://www.google.com/search?q=site%3Azillow.com+%22probate%22+%2276112%22
"Fort Worth, TX",TX,76112,estate sale,Medium,Generally permitted - verify current statute,"site:zillow.com ""estate sale"" ""76112""",https://www.google.com/search?q=site%3Azillow.com+%22estate+sale%22+%2276112%22
"Fort Worth, TX",TX,76112,inherited,Medium,Generally permitted - verify current statute,"site:zillow.com ""inherited"" ""76112""",https://www.google.com/search?q=site%3Azillow.com+%22inherited%22+%2276112%22
"Fort Worth, TX",TX,76112,motivated seller,High,Generally permitted - verify current statute,"site:zillow.com ""motivated seller"" ""76112""",https://www.google.com/search?q=site%3Azillow.com+%22motivated+seller%22+%2276112%22
"Fort Worth, TX",TX,76112,must sell,Medium,Generally permitted - verify current statute,"site:zillow.com ""must sell"" ""76112""",https://www.google.com/search?q=site%3Azillow.com+%22must+sell%22+%2276112%22
"Fort Worth, TX",TX,76112,cash only,High,Generally permitted - verify current statute,"site:zillow.com ""cash only"" ""76112""",https://www.google.com/search?q=site%3Azillow.com+%22cash+only%22+%2276112%22
"Fort Worth, TX",TX,76112,bring all offers,Medium,Generally permitted - verify current statute,"site:zillow.com ""bring all offers"" ""76112""",https://www.google.com/search?q=site%3Azillow.com+%22bring+all+offers%22+%2276112%22
"Fort Worth, TX",TX,76112,priced to sell,Low,Generally permitted - verify current statute,"site:zillow.com ""priced to sell"" ""76112""",https://www.google.com/search?q=site%3Azillow.com+%22priced+to+sell%22+%2276112%22
"Fort Worth, TX",TX,76112,tear down,Medium,Generally permitted - verify current statute,"site:zillow.com ""tear down"" ""76112""",https://www.google.com/search?q=site%3Azillow.com+%22tear+down%22+%2276112%22
"Fort Worth, TX",TX,76112,needs work,Medium,Generally permitted - verify current statute,"site:zillow.com ""needs work"" ""76112""",https://www.google.com/search?q=site%3Azillow.com+%22needs+work%22+%2276112%22
"Fort Worth, TX",TX,76119,fixer upper,High,Generally permitted - verify current statute,"site:zillow.com ""fixer upper"" ""76119""",https://www.google.com/search?q=site%3Azillow.com+%22fixer+upper%22+%2276119%22
"Fort Worth, TX",TX,76119,handyman special,High,Generally permitted - verify current statute,"site:zillow.com ""handyman special"" ""76119""",https://www.google.com/search?q=site%3Azillow.com+%22handyman+special%22+%2276119%22
"Fort Worth, TX",TX,76119,investor special,High,Generally permitted - verify current statute,"site:zillow.com ""investor special"" ""76119""",https://www.google.com/search?q=site%3Azillow.com+%22investor+special%22+%2276119%22
"Fort Worth, TX",TX,76119,as-is,High,Generally permitted - verify current statute,"site:zillow.com ""as-is"" ""76119""",https://www.google.com/search?q=site%3Azillow.com+%22as-is%22+%2276119%22
"Fort Worth, TX",TX,76119,needs TLC,High,Generally permitted - verify current statute,"site:zillow.com ""needs TLC"" ""76119""",https://www.google.com/search?q=site%3Azillow.com+%22needs+TLC%22+%2276119%22
"Fort Worth, TX",TX,76119,probate,High,Generally permitted - verify current statute,"site:zillow.com ""probate"" ""76119""",https://www.google.com/search?q=site%3Azillow.com+%22probate%22+%2276119%22
"Fort Worth, TX",TX,76119,estate sale,Medium,Generally permitted - verify current statute,"site:zillow.com ""estate sale"" ""76119""",https://www.google.com/search?q=site%3Azillow.com+%22estate+sale%22+%2276119%22
"Fort Worth, TX",TX,76119,inherited,Medium,Generally permitted - verify current statute,"site:zillow.com ""inherited"" ""76119""",https://www.google.com/search?q=site%3Azillow.com+%22inherited%22+%2276119%22
"Fort Worth, TX",TX,76119,motivated seller,High,Generally permitted - verify current statute,"site:zillow.com ""motivated seller"" ""76119""",https://www.google.com/search?q=site%3Azillow.com+%22motivated+seller%22+%2276119%22
"Fort Worth, TX",TX,76119,must sell,Medium,Generally permitted - verify current statute,"site:zillow.com ""must sell"" ""76119""",https://www.google.com/search?q=site%3Azillow.com+%22must+sell%22+%2276119%22
"Fort Worth, TX",TX,76119,cash only,High,Generally permitted - verify current statute,"site:zillow.com ""cash only"" ""76119""",https://www.google.com/search?q=site%3Azillow.com+%22cash+only%22+%2276119%22
"Fort Worth, TX",TX,76119,bring all offers,Medium,Generally permitted - verify current statute,"site:zillow.com ""bring all offers"" ""76119""",https://www.google.com/search?q=site%3Azillow.com+%22bring+all+offers%22+%2276119%22
"Fort Worth, TX",TX,76119,priced to sell,Low,Generally permitted - verify current statute,"site:zillow.com ""priced to sell"" ""76119""",https://www.google.com/search?q=site%3Azillow.com+%22priced+to+sell%22+%2276119%22
"Fort Worth, TX",TX,76119,tear down,Medium,Generally permitted - verify current statute,"site:zillow.com ""tear down"" ""76119""",https://www.google.com/search?q=site%3Azillow.com+%22tear+down%22+%2276119%22
"Fort Worth, TX",TX,76119,needs work,Medium,Generally permitted - verify current statute,"site:zillow.com ""needs work"" ""76119""",https://www.google.com/search?q=site%3Azillow.com+%22needs+work%22+%2276119%22
"San Antonio, TX",TX,"San Antonio, TX",fixer upper,High,Generally permitted - verify current statute,"site:zillow.com ""fixer upper"" ""San Antonio, TX""",https://www.google.com/search?q=site%3Azillow.com+%22fixer+upper%22+%22San+Antonio%2C+TX%22
"San Antonio, TX",TX,"San Antonio, TX",handyman special,High,Generally permitted - verify current statute,"site:zillow.com ""handyman special"" ""San Antonio, TX""",https://www.google.com/search?q=site%3Azillow.com+%22handyman+special%22+%22San+Antonio%2C+TX%22
"San Antonio, TX",TX,"San Antonio, TX",investor special,High,Generally permitted - verify current statute,"site:zillow.com ""investor special"" ""San Antonio, TX""",https://www.google.com/search?q=site%3Azillow.com+%22investor+special%22+%22San+Antonio%2C+TX%22
"San Antonio, TX",TX,"San Antonio, TX",as-is,High,Generally permitted - verify current statute,"site:zillow.com ""as-is"" ""San Antonio, TX""",https://www.google.com/search?q=site%3Azillow.com+%22as-is%22+%22San+Antonio%2C+TX%22
"San Antonio, TX",TX,"San Antonio, TX",needs TLC,High,Generally permitted - verify current statute,"site:zillow.com ""needs TLC"" ""San Antonio, TX""",https://www.google.com/search?q=site%3Azillow.com+%22needs+TLC%22+%22San+Antonio%2C+TX%22
"San Antonio, TX",TX,"San Antonio, TX",probate,High,Generally permitted - verify current statute,"site:zillow.com ""probate"" ""San Antonio, TX""",https://www.google.com/search?q=site%3Azillow.com+%22probate%22+%22San+Antonio%2C+TX%22
"San Antonio, TX",TX,"San Antonio, TX",estate sale,Medium,Generally permitted - verify current statute,"site:zillow.com ""estate sale"" ""San Antonio, TX""",https://www.google.com/search?q=site%3Azillow.com+%22estate+sale%22+%22San+Antonio%2C+TX%22
"San Antonio, TX",TX,"San Antonio, TX",inherited,Medium,Generally permitted - verify current statute,"site:zillow.com ""inherited"" ""San Antonio, TX""",https://www.google.com/search?q=site%3Azillow.com+%22inherited%22+%22San+Antonio%2C+TX%22
"San Antonio, TX",TX,"San Antonio, TX",motivated seller,High,Generally permitted - verify current statute,"site:zillow.com ""motivated seller"" ""San Antonio, TX""",https://www.google.com/search?q=site%3Azillow.com+%22motivated+seller%22+%22San+Antonio%2C+TX%22
"San Antonio, TX",TX,"San Antonio, TX",must sell,Medium,Generally permitted - verify current statute,"site:zillow.com ""must sell"" ""San Antonio, TX""",https://www.google.com/search?q=site%3Azillow.com+%22must+sell%22+%22San+Antonio%2C+TX%22
"San Antonio, TX",TX,"San Antonio, TX",cash only,High,Generally permitted - verify current statute,"site:zillow.com ""cash only"" ""San Antonio, TX""",https://www.google.com/search?q=site%3Azillow.com+%22cash+only%22+%22San+Antonio%2C+TX%22
"San Antonio, TX",TX,"San Antonio, TX",bring all offers,Medium,Generally permitted - verify current statute,"site:zillow.com ""bring all offers"" ""San Antonio, TX""",https://www.google.com/search?q=site%3Azillow.com+%22bring+all+offers%22+%22San+Antonio%2C+TX%22
"San Antonio, TX",TX,"San Antonio, TX",priced to sell,Low,Generally permitted - verify current statute,"site:zillow.com ""priced to sell"" ""San Antonio, TX""",https://www.google.com/search?q=site%3Azillow.com+%22priced+to+sell%22+%22San+Antonio%2C+TX%22
"San Antonio, TX",TX,"San Antonio, TX",tear down,Medium,Generally permitted - verify current statute,"site:zillow.com ""tear down"" ""San Antonio, TX""",https://www.google.com/search?q=site%3Azillow.com+%22tear+down%22+%22San+Antonio%2C+TX%22
"San Antonio, TX",TX,"San Antonio, TX",needs work,Medium,Generally permitted - verify current statute,"site:zillow.com ""needs work"" ""San Antonio, TX""",https://www.google.com/search?q=site%3Azillow.com+%22needs+work%22+%22San+Antonio%2C+TX%22
"San Antonio, TX",TX,78201,fixer upper,High,Generally permitted - verify current statute,"site:zillow.com ""fixer upper"" ""78201""",https://www.google.com/search?q=site%3Azillow.com+%22fixer+upper%22+%2278201%22
"San Antonio, TX",TX,78201,handyman special,High,Generally permitted - verify current statute,"site:zillow.com ""handyman special"" ""78201""",https://www.google.com/search?q=site%3Azillow.com+%22handyman+special%22+%2278201%22
"San Antonio, TX",TX,78201,investor special,High,Generally permitted - verify current statute,"site:zillow.com ""investor special"" ""78201""",https://www.google.com/search?q=site%3Azillow.com+%22investor+special%22+%2278201%22
"San Antonio, TX",TX,78201,as-is,High,Generally permitted - verify current statute,"site:zillow.com ""as-is"" ""78201""",https://www.google.com/search?q=site%3Azillow.com+%22as-is%22+%2278201%22
"San Antonio, TX",TX,78201,needs TLC,High,Generally permitted - verify current statute,"site:zillow.com ""needs TLC"" ""78201""",https://www.google.com/search?q=site%3Azillow.com+%22needs+TLC%22+%2278201%22
"San Antonio, TX",TX,78201,probate,High,Generally permitted - verify current statute,"site:zillow.com ""probate"" ""78201""",https://www.google.com/search?q=site%3Azillow.com+%22probate%22+%2278201%22
"San Antonio, TX",TX,78201,estate sale,Medium,Generally permitted - verify current statute,"site:zillow.com ""estate sale"" ""78201""",https://www.google.com/search?q=site%3Azillow.com+%22estate+sale%22+%2278201%22
"San Antonio, TX",TX,78201,inherited,Medium,Generally permitted - verify current statute,"site:zillow.com ""inherited"" ""78201""",https://www.google.com/search?q=site%3Azillow.com+%22inherited%22+%2278201%22
"San Antonio, TX",TX,78201,motivated seller,High,Generally permitted - verify current statute,"site:zillow.com ""motivated seller"" ""78201""",https://www.google.com/search?q=site%3Azillow.com+%22motivated+seller%22+%2278201%22
"San Antonio, TX",TX,78201,must sell,Medium,Generally permitted - verify current statute,"site:zillow.com ""must sell"" ""78201""",https://www.google.com/search?q=site%3Azillow.com+%22must+sell%22+%2278201%22
"San Antonio, TX",TX,78201,cash only,High,Generally permitted - verify current statute,"site:zillow.com ""cash only"" ""78201""",https://www.google.com/search?q=site%3Azillow.com+%22cash+only%22+%2278201%22
"San Antonio, TX",TX,78201,bring all offers,Medium,Generally permitted - verify current statute,"site:zillow.com ""bring all offers"" ""78201""",https://www.google.com/search?q=site%3Azillow.com+%22bring+all+offers%22+%2278201%22
"San Antonio, TX",TX,78201,priced to sell,Low,Generally permitted - verify current statute,"site:zillow.com ""priced to sell"" ""78201""",https://www.google.com/search?q=site%3Azillow.com+%22priced+to+sell%22+%2278201%22
"San Antonio, TX",TX,78201,tear down,Medium,Generally permitted - verify current statute,"site:zillow.com ""tear down"" ""78201""",https://www.google.com/search?q=site%3Azillow.com+%22tear+down%22+%2278201%22
"San Antonio, TX",TX,78201,needs work,Medium,Generally permitted - verify current statute,"site:zillow.com ""needs work"" ""78201""",https://www.google.com/search?q=site%3Azillow.com+%22needs+work%22+%2278201%22
"San Antonio, TX",TX,78207,fixer upper,High,Generally permitted - verify current statute,"site:zillow.com ""fixer upper"" ""78207""",https://www.google.com/search?q=site%3Azillow.com+%22fixer+upper%22+%2278207%22
"San Antonio, TX",TX,78207,handyman special,High,Generally permitted - verify current statute,"site:zillow.com ""handyman special"" ""78207""",https://www.google.com/search?q=site%3Azillow.com+%22handyman+special%22+%2278207%22
"San Antonio, TX",TX,78207,investor special,High,Generally permitted - verify current statute,"site:zillow.com ""investor special"" ""78207""",https://www.google.com/search?q=site%3Azillow.com+%22investor+special%22+%2278207%22
"San Antonio, TX",TX,78207,as-is,High,Generally permitted - verify current statute,"site:zillow.com ""as-is"" ""78207""",https://www.google.com/search?q=site%3Azillow.com+%22as-is%22+%2278207%22
"San Antonio, TX",TX,78207,needs TLC,High,Generally permitted - verify current statute,"site:zillow.com ""needs TLC"" ""78207""",https://www.google.com/search?q=site%3Azillow.com+%22needs+TLC%22+%2278207%22
"San Antonio, TX",TX,78207,probate,High,Generally permitted - verify current statute,"site:zillow.com ""probate"" ""78207""",https://www.google.com/search?q=site%3Azillow.com+%22probate%22+%2278207%22
"San Antonio, TX",TX,78207,estate sale,Medium,Generally permitted - verify current statute,"site:zillow.com ""estate sale"" ""78207""",https://www.google.com/search?q=site%3Azillow.com+%22estate+sale%22+%2278207%22
"San Antonio, TX",TX,78207,inherited,Medium,Generally permitted - verify current statute,"site:zillow.com ""inherited"" ""78207""",https://www.google.com/search?q=site%3Azillow.com+%22inherited%22+%2278207%22
"San Antonio, TX",TX,78207,motivated seller,High,Generally permitted - verify current statute,"site:zillow.com ""motivated seller"" ""78207""",https://www.google.com/search?q=site%3Azillow.com+%22motivated+seller%22+%2278207%22
"San Antonio, TX",TX,78207,must sell,Medium,Generally permitted - verify current statute,"site:zillow.com ""must sell"" ""78207""",https://www.google.com/search?q=site%3Azillow.com+%22must+sell%22+%2278207%22
"San Antonio, TX",TX,78207,cash only,High,Generally permitted - verify current statute,"site:zillow.com ""cash only"" ""78207""",https://www.google.com/search?q=site%3Azillow.com+%22cash+only%22+%2278207%22
"San Antonio, TX",TX,78207,bring all offers,Medium,Generally permitted - verify current statute,"site:zillow.com ""bring all offers"" ""78207""",https://www.google.com/search?q=site%3Azillow.com+%22bring+all+offers%22+%2278207%22
"San Antonio, TX",TX,78207,priced to sell,Low,Generally permitted - verify current statute,"site:zillow.com ""priced to sell"" ""78207""",https://www.google.com/search?q=site%3Azillow.com+%22priced+to+sell%22+%2278207%22
"San Antonio, TX",TX,78207,tear down,Medium,Generally permitted - verify current statute,"site:zillow.com ""tear down"" ""78207""",https://www.google.com/search?q=site%3Azillow.com+%22tear+down%22+%2278207%22
"San Antonio, TX",TX,78207,needs work,Medium,Generally permitted - verify current statute,"site:zillow.com ""needs work"" ""78207""",https://www.google.com/search?q=site%3Azillow.com+%22needs+work%22+%2278207%22
"San Antonio, TX",TX,78210,fixer upper,High,Generally permitted - verify current statute,"site:zillow.com ""fixer upper"" ""78210""",https://www.google.com/search?q=site%3Azillow.com+%22fixer+upper%22+%2278210%22
"San Antonio, TX",TX,78210,handyman special,High,Generally permitted - verify current statute,"site:zillow.com ""handyman special"" ""78210""",https://www.google.com/search?q=site%3Azillow.com+%22handyman+special%22+%2278210%22
"San Antonio, TX",TX,78210,investor special,High,Generally permitted - verify current statute,"site:zillow.com ""investor special"" ""78210""",https://www.google.com/search?q=site%3Azillow.com+%22investor+special%22+%2278210%22
"San Antonio, TX",TX,78210,as-is,High,Generally permitted - verify current statute,"site:zillow.com ""as-is"" ""78210""",https://www.google.com/search?q=site%3Azillow.com+%22as-is%22+%2278210%22
"San Antonio, TX",TX,78210,needs TLC,High,Generally permitted - verify current statute,"site:zillow.com ""needs TLC"" ""78210""",https://www.google.com/search?q=site%3Azillow.com+%22needs+TLC%22+%2278210%22
"San Antonio, TX",TX,78210,probate,High,Generally permitted - verify current statute,"site:zillow.com ""probate"" ""78210""",https://www.google.com/search?q=site%3Azillow.com+%22probate%22+%2278210%22
"San Antonio, TX",TX,78210,estate sale,Medium,Generally permitted - verify current statute,"site:zillow.com ""estate sale"" ""78210""",https://www.google.com/search?q=site%3Azillow.com+%22estate+sale%22+%2278210%22
"San Antonio, TX",TX,78210,inherited,Medium,Generally permitted - verify current statute,"site:zillow.com ""inherited"" ""78210""",https://www.google.com/search?q=site%3Azillow.com+%22inherited%22+%2278210%22
"San Antonio, TX",TX,78210,motivated seller,High,Generally permitted - verify current statute,"site:zillow.com ""motivated seller"" ""78210""",https://www.google.com/search?q=site%3Azillow.com+%22motivated+seller%22+%2278210%22
"San Antonio, TX",TX,78210,must sell,Medium,Generally permitted - verify current statute,"site:zillow.com ""must sell"" ""78210""",https://www.google.com/search?q=site%3Azillow.com+%22must+sell%22+%2278210%22
"San Antonio, TX",TX,78210,cash only,High,Generally permitted - verify current statute,"site:zillow.com ""cash only"" ""78210""",https://www.google.com/search?q=site%3Azillow.com+%22cash+only%22+%2278210%22
"San Antonio, TX",TX,78210,bring all offers,Medium,Generally permitted - verify current statute,"site:zillow.com ""bring all offers"" ""78210""",https://www.google.com/search?q=site%3Azillow.com+%22bring+all+offers%22+%2278210%22
"San Antonio, TX",TX,78210,priced to sell,Low,Generally permitted - verify current statute,"site:zillow.com ""priced to sell"" ""78210""",https://www.google.com/search?q=site%3Azillow.com+%22priced+to+sell%22+%2278210%22
"San Antonio, TX",TX,78210,tear down,Medium,Generally permitted - verify current statute,"site:zillow.com ""tear down"" ""78210""",https://www.google.com/search?q=site%3Azillow.com+%22tear+down%22+%2278210%22
"San Antonio, TX",TX,78210,needs work,Medium,Generally permitted - verify current statute,"site:zillow.com ""needs work"" ""78210""",https://www.google.com/search?q=site%3Azillow.com+%22needs+work%22+%2278210%22
"San Antonio, TX",TX,78211,fixer upper,High,Generally permitted - verify current statute,"site:zillow.com ""fixer upper"" ""78211""",https://www.google.com/search?q=site%3Azillow.com+%22fixer+upper%22+%2278211%22
"San Antonio, TX",TX,78211,handyman special,High,Generally permitted - verify current statute,"site:zillow.com ""handyman special"" ""78211""",https://www.google.com/search?q=site%3Azillow.com+%22handyman+special%22+%2278211%22
"San Antonio, TX",TX,78211,investor special,High,Generally permitted - verify current statute,"site:zillow.com ""investor special"" ""78211""",https://www.google.com/search?q=site%3Azillow.com+%22investor+special%22+%2278211%22
"San Antonio, TX",TX,78211,as-is,High,Generally permitted - verify current statute,"site:zillow.com ""as-is"" ""78211""",https://www.google.com/search?q=site%3Azillow.com+%22as-is%22+%2278211%22
"San Antonio, TX",TX,78211,needs TLC,High,Generally permitted - verify current statute,"site:zillow.com ""needs TLC"" ""78211""",https://www.google.com/search?q=site%3Azillow.com+%22needs+TLC%22+%2278211%22
"San Antonio, TX",TX,78211,probate,High,Generally permitted - verify current statute,"site:zillow.com ""probate"" ""78211""",https://www.google.com/search?q=site%3Azillow.com+%22probate%22+%2278211%22
"San Antonio, TX",TX,78211,estate sale,Medium,Generally permitted - verify current statute,"site:zillow.com ""estate sale"" ""78211""",https://www.google.com/search?q=site%3Azillow.com+%22estate+sale%22+%2278211%22
"San Antonio, TX",TX,78211,inherited,Medium,Generally permitted - verify current statute,"site:zillow.com ""inherited"" ""78211""",https://www.google.com/search?q=site%3Azillow.com+%22inherited%22+%2278211%22
"San Antonio, TX",TX,78211,motivated seller,High,Generally permitted - verify current statute,"site:zillow.com ""motivated seller"" ""78211""",https://www.google.com/search?q=site%3Azillow.com+%22motivated+seller%22+%2278211%22
"San Antonio, TX",TX,78211,must sell,Medium,Generally permitted - verify current statute,"site:zillow.com ""must sell"" ""78211""",https://www.google.com/search?q=site%3Azillow.com+%22must+sell%22+%2278211%22
"San Antonio, TX",TX,78211,cash only,High,Generally permitted - verify current statute,"site:zillow.com ""cash only"" ""78211""",https://www.google.com/search?q=site%3Azillow.com+%22cash+only%22+%2278211%22
"San Antonio, TX",TX,78211,bring all offers,Medium,Generally permitted - verify current statute,"site:zillow.com ""bring all offers"" ""78211""",https://www.google.com/search?q=site%3Azillow.com+%22bring+all+offers%22+%2278211%22
"San Antonio, TX",TX,78211,priced to sell,Low,Generally permitted - verify current statute,"site:zillow.com ""priced to sell"" ""78211""",https://www.google.com/search?q=site%3Azillow.com+%22priced+to+sell%22+%2278211%22
"San Antonio, TX",TX,78211,tear down,Medium,Generally permitted - verify current statute,"site:zillow.com ""tear down"" ""78211""",https://www.google.com/search?q=site%3Azillow.com+%22tear+down%22+%2278211%22
"San Antonio, TX",TX,78211,needs work,Medium,Generally permitted - verify current statute,"site:zillow.com ""needs work"" ""78211""",https://www.google.com/search?q=site%3Azillow.com+%22needs+work%22+%2278211%22
"San Antonio, TX",TX,78220,fixer upper,High,Generally permitted - verify current statute,"site:zillow.com ""fixer upper"" ""78220""",https://www.google.com/search?q=site%3Azillow.com+%22fixer+upper%22+%2278220%22
"San Antonio, TX",TX,78220,handyman special,High,Generally permitted - verify current statute,"site:zillow.com ""handyman special"" ""78220""",https://www.google.com/search?q=site%3Azillow.com+%22handyman+special%22+%2278220%22
"San Antonio, TX",TX,78220,investor special,High,Generally permitted - verify current statute,"site:zillow.com ""investor special"" ""78220""",https://www.google.com/search?q=site%3Azillow.com+%22investor+special%22+%2278220%22
"San Antonio, TX",TX,78220,as-is,High,Generally permitted - verify current statute,"site:zillow.com ""as-is"" ""78220""",https://www.google.com/search?q=site%3Azillow.com+%22as-is%22+%2278220%22
"San Antonio, TX",TX,78220,needs TLC,High,Generally permitted - verify current statute,"site:zillow.com ""needs TLC"" ""78220""",https://www.google.com/search?q=site%3Azillow.com+%22needs+TLC%22+%2278220%22
"San Antonio, TX",TX,78220,probate,High,Generally permitted - verify current statute,"site:zillow.com ""probate"" ""78220""",https://www.google.com/search?q=site%3Azillow.com+%22probate%22+%2278220%22
"San Antonio, TX",TX,78220,estate sale,Medium,Generally permitted - verify current statute,"site:zillow.com ""estate sale"" ""78220""",https://www.google.com/search?q=site%3Azillow.com+%22estate+sale%22+%2278220%22
"San Antonio, TX",TX,78220,inherited,Medium,Generally permitted - verify current statute,"site:zillow.com ""inherited"" ""78220""",https://www.google.com/search?q=site%3Azillow.com+%22inherited%22+%2278220%22
"San Antonio, TX",TX,78220,motivated seller,High,Generally permitted - verify current statute,"site:zillow.com ""motivated seller"" ""78220""",https://www.google.com/search?q=site%3Azillow.com+%22motivated+seller%22+%2278220%22
"San Antonio, TX",TX,78220,must sell,Medium,Generally permitted - verify current statute,"site:zillow.com ""must sell"" ""78220""",https://www.google.com/search?q=site%3Azillow.com+%22must+sell%22+%2278220%22
"San Antonio, TX",TX,78220,cash only,High,Generally permitted - verify current statute,"site:zillow.com ""cash only"" ""78220""",https://www.google.com/search?q=site%3Azillow.com+%22cash+only%22+%2278220%22
"San Antonio, TX",TX,78220,bring all offers,Medium,Generally permitted - verify current statute,"site:zillow.com ""bring all offers"" ""78220""",https://www.google.com/search?q=site%3Azillow.com+%22bring+all+offers%22+%2278220%22
"San Antonio, TX",TX,78220,priced to sell,Low,Generally permitted - verify current statute,"site:zillow.com ""priced to sell"" ""78220""",https://www.google.com/search?q=site%3Azillow.com+%22priced+to+sell%22+%2278220%22
"San Antonio, TX",TX,78220,tear down,Medium,Generally permitted - verify current statute,"site:zillow.com ""tear down"" ""78220""",https://www.google.com/search?q=site%3Azillow.com+%22tear+down%22+%2278220%22
"San Antonio, TX",TX,78220,needs work,Medium,Generally permitted - verify current statute,"site:zillow.com ""needs work"" ""78220""",https://www.google.com/search?q=site%3Azillow.com+%22needs+work%22+%2278220%22
"San Antonio, TX",TX,78228,fixer upper,High,Generally permitted - verify current statute,"site:zillow.com ""fixer upper"" ""78228""",https://www.google.com/search?q=site%3Azillow.com+%22fixer+upper%22+%2278228%22
"San Antonio, TX",TX,78228,handyman special,High,Generally permitted - verify current statute,"site:zillow.com ""handyman special"" ""78228""",https://www.google.com/search?q=site%3Azillow.com+%22handyman+special%22+%2278228%22
"San Antonio, TX",TX,78228,investor special,High,Generally permitted - verify current statute,"site:zillow.com ""investor special"" ""78228""",https://www.google.com/search?q=site%3Azillow.com+%22investor+special%22+%2278228%22
"San Antonio, TX",TX,78228,as-is,High,Generally permitted - verify current statute,"site:zillow.com ""as-is"" ""78228""",https://www.google.com/search?q=site%3Azillow.com+%22as-is%22+%2278228%22
"San Antonio, TX",TX,78228,needs TLC,High,Generally permitted - verify current statute,"site:zillow.com ""needs TLC"" ""78228""",https://www.google.com/search?q=site%3Azillow.com+%22needs+TLC%22+%2278228%22
"San Antonio, TX",TX,78228,probate,High,Generally permitted - verify current statute,"site:zillow.com ""probate"" ""78228""",https://www.google.com/search?q=site%3Azillow.com+%22probate%22+%2278228%22
"San Antonio, TX",TX,78228,estate sale,Medium,Generally permitted - verify current statute,"site:zillow.com ""estate sale"" ""78228""",https://www.google.com/search?q=site%3Azillow.com+%22estate+sale%22+%2278228%22
"San Antonio, TX",TX,78228,inherited,Medium,Generally permitted - verify current statute,"site:zillow.com ""inherited"" ""78228""",https://www.google.com/search?q=site%3Azillow.com+%22inherited%22+%2278228%22
"San Antonio, TX",TX,78228,motivated seller,High,Generally permitted - verify current statute,"site:zillow.com ""motivated seller"" ""78228""",https://www.google.com/search?q=site%3Azillow.com+%22motivated+seller%22+%2278228%22
"San Antonio, TX",TX,78228,must sell,Medium,Generally permitted - verify current statute,"site:zillow.com ""must sell"" ""78228""",https://www.google.com/search?q=site%3Azillow.com+%22must+sell%22+%2278228%22
"San Antonio, TX",TX,78228,cash only,High,Generally permitted - verify current statute,"site:zillow.com ""cash only"" ""78228""",https://www.google.com/search?q=site%3Azillow.com+%22cash+only%22+%2278228%22
"San Antonio, TX",TX,78228,bring all offers,Medium,Generally permitted - verify current statute,"site:zillow.com ""bring all offers"" ""78228""",https://www.google.com/search?q=site%3Azillow.com+%22bring+all+offers%22+%2278228%22
"San Antonio, TX",TX,78228,priced to sell,Low,Generally permitted - verify current statute,"site:zillow.com ""priced to sell"" ""78228""",https://www.google.com/search?q=site%3Azillow.com+%22priced+to+sell%22+%2278228%22
"San Antonio, TX",TX,78228,tear down,Medium,Generally permitted - verify current statute,"site:zillow.com ""tear down"" ""78228""",https://www.google.com/search?q=site%3Azillow.com+%22tear+down%22+%2278228%22
"San Antonio, TX",TX,78228,needs work,Medium,Generally permitted - verify current statute,"site:zillow.com ""needs work"" ""78228""",https://www.google.com/search?q=site%3Azillow.com+%22needs+work%22+%2278228%22
"Indianapolis, IN",IN,"Indianapolis, IN",fixer upper,High,Generally permitted - verify current statute,"site:zillow.com ""fixer upper"" ""Indianapolis, IN""",https://www.google.com/search?q=site%3Azillow.com+%22fixer+upper%22+%22Indianapolis%2C+IN%22
"Indianapolis, IN",IN,"Indianapolis, IN",handyman special,High,Generally permitted - verify current statute,"site:zillow.com ""handyman special"" ""Indianapolis, IN""",https://www.google.com/search?q=site%3Azillow.com+%22handyman+special%22+%22Indianapolis%2C+IN%22
"Indianapolis, IN",IN,"Indianapolis, IN",investor special,High,Generally permitted - verify current statute,"site:zillow.com ""investor special"" ""Indianapolis, IN""",https://www.google.com/search?q=site%3Azillow.com+%22investor+special%22+%22Indianapolis%2C+IN%22
"Indianapolis, IN",IN,"Indianapolis, IN",as-is,High,Generally permitted - verify current statute,"site:zillow.com ""as-is"" ""Indianapolis, IN""",https://www.google.com/search?q=site%3Azillow.com+%22as-is%22+%22Indianapolis%2C+IN%22
"Indianapolis, IN",IN,"Indianapolis, IN",needs TLC,High,Generally permitted - verify current statute,"site:zillow.com ""needs TLC"" ""Indianapolis, IN""",https://www.google.com/search?q=site%3Azillow.com+%22needs+TLC%22+%22Indianapolis%2C+IN%22
"Indianapolis, IN",IN,"Indianapolis, IN",probate,High,Generally permitted - verify current statute,"site:zillow.com ""probate"" ""Indianapolis, IN""",https://www.google.com/search?q=site%3Azillow.com+%22probate%22+%22Indianapolis%2C+IN%22
"Indianapolis, IN",IN,"Indianapolis, IN",estate sale,Medium,Generally permitted - verify current statute,"site:zillow.com ""estate sale"" ""Indianapolis, IN""",https://www.google.com/search?q=site%3Azillow.com+%22estate+sale%22+%22Indianapolis%2C+IN%22
"Indianapolis, IN",IN,"Indianapolis, IN",inherited,Medium,Generally permitted - verify current statute,"site:zillow.com ""inherited"" ""Indianapolis, IN""",https://www.google.com/search?q=site%3Azillow.com+%22inherited%22+%22Indianapolis%2C+IN%22
"Indianapolis, IN",IN,"Indianapolis, IN",motivated seller,High,Generally permitted - verify current statute,"site:zillow.com ""motivated seller"" ""Indianapolis, IN""",https://www.google.com/search?q=site%3Azillow.com+%22motivated+seller%22+%22Indianapolis%2C+IN%22
"Indianapolis, IN",IN,"Indianapolis, IN",must sell,Medium,Generally permitted - verify current statute,"site:zillow.com ""must sell"" ""Indianapolis, IN""",https://www.google.com/search?q=site%3Azillow.com+%22must+sell%22+%22Indianapolis%2C+IN%22
"Indianapolis, IN",IN,"Indianapolis, IN",cash only,High,Generally permitted - verify current statute,"site:zillow.com ""cash only"" ""Indianapolis, IN""",https://www.google.com/search?q=site%3Azillow.com+%22cash+only%22+%22Indianapolis%2C+IN%22
"Indianapolis, IN",IN,"Indianapolis, IN",bring all offers,Medium,Generally permitted - verify current statute,"site:zillow.com ""bring all offers"" ""Indianapolis, IN""",https://www.google.com/search?q=site%3Azillow.com+%22bring+all+offers%22+%22Indianapolis%2C+IN%22
"Indianapolis, IN",IN,"Indianapolis, IN",priced to sell,Low,Generally permitted - verify current statute,"site:zillow.com ""priced to sell"" ""Indianapolis, IN""",https://www.google.com/search?q=site%3Azillow.com+%22priced+to+sell%22+%22Indianapolis%2C+IN%22
"Indianapolis, IN",IN,"Indianapolis, IN",tear down,Medium,Generally permitted - verify current statute,"site:zillow.com ""tear down"" ""Indianapolis, IN""",https://www.google.com/search?q=site%3Azillow.com+%22tear+down%22+%22Indianapolis%2C+IN%22
"Indianapolis, IN",IN,"Indianapolis, IN",needs work,Medium,Generally permitted - verify current statute,"site:zillow.com ""needs work"" ""Indianapolis, IN""",https://www.google.com/search?q=site%3Azillow.com+%22needs+work%22+%22Indianapolis%2C+IN%22
"Indianapolis, IN",IN,46201,fixer upper,High,Generally permitted - verify current statute,"site:zillow.com ""fixer upper"" ""46201""",https://www.google.com/search?q=site%3Azillow.com+%22fixer+upper%22+%2246201%22
"Indianapolis, IN",IN,46201,handyman special,High,Generally permitted - verify current statute,"site:zillow.com ""handyman special"" ""46201""",https://www.google.com/search?q=site%3Azillow.com+%22handyman+special%22+%2246201%22
"Indianapolis, IN",IN,46201,investor special,High,Generally permitted - verify current statute,"site:zillow.com ""investor special"" ""46201""",https://www.google.com/search?q=site%3Azillow.com+%22investor+special%22+%2246201%22
"Indianapolis, IN",IN,46201,as-is,High,Generally permitted - verify current statute,"site:zillow.com ""as-is"" ""46201""",https://www.google.com/search?q=site%3Azillow.com+%22as-is%22+%2246201%22
"Indianapolis, IN",IN,46201,needs TLC,High,Generally permitted - verify current statute,"site:zillow.com ""needs TLC"" ""46201""",https://www.google.com/search?q=site%3Azillow.com+%22needs+TLC%22+%2246201%22
"Indianapolis, IN",IN,46201,probate,High,Generally permitted - verify current statute,"site:zillow.com ""probate"" ""46201""",https://www.google.com/search?q=site%3Azillow.com+%22probate%22+%2246201%22
"Indianapolis, IN",IN,46201,estate sale,Medium,Generally permitted - verify current statute,"site:zillow.com ""estate sale"" ""46201""",https://www.google.com/search?q=site%3Azillow.com+%22estate+sale%22+%2246201%22
"Indianapolis, IN",IN,46201,inherited,Medium,Generally permitted - verify current statute,"site:zillow.com ""inherited"" ""46201""",https://www.google.com/search?q=site%3Azillow.com+%22inherited%22+%2246201%22
"Indianapolis, IN",IN,46201,motivated seller,High,Generally permitted - verify current statute,"site:zillow.com ""motivated seller"" ""46201""",https://www.google.com/search?q=site%3Azillow.com+%22motivated+seller%22+%2246201%22
"Indianapolis, IN",IN,46201,must sell,Medium,Generally permitted - verify current statute,"site:zillow.com ""must sell"" ""46201""",https://www.google.com/search?q=site%3Azillow.com+%22must+sell%22+%2246201%22
"Indianapolis, IN",IN,46201,cash only,High,Generally permitted - verify current statute,"site:zillow.com ""cash only"" ""46201""",https://www.google.com/search?q=site%3Azillow.com+%22cash+only%22+%2246201%22
"Indianapolis, IN",IN,46201,bring all offers,Medium,Generally permitted - verify current statute,"site:zillow.com ""bring all offers"" ""46201""",https://www.google.com/search?q=site%3Azillow.com+%22bring+all+offers%22+%2246201%22
"Indianapolis, IN",IN,46201,priced to sell,Low,Generally permitted - verify current statute,"site:zillow.com ""priced to sell"" ""46201""",https://www.google.com/search?q=site%3Azillow.com+%22priced+to+sell%22+%2246201%22
"Indianapolis, IN",IN,46201,tear down,Medium,Generally permitted - verify current statute,"site:zillow.com ""tear down"" ""46201""",https://www.google.com/search?q=site%3Azillow.com+%22tear+down%22+%2246201%22
"Indianapolis, IN",IN,46201,needs work,Medium,Generally permitted - verify current statute,"site:zillow.com ""needs work"" ""46201""",https://www.google.com/search?q=site%3Azillow.com+%22needs+work%22+%2246201%22
"Indianapolis, IN",IN,46202,fixer upper,High,Generally permitted - verify current statute,"site:zillow.com ""fixer upper"" ""46202""",https://www.google.com/search?q=site%3Azillow.com+%22fixer+upper%22+%2246202%22
"Indianapolis, IN",IN,46202,handyman special,High,Generally permitted - verify current statute,"site:zillow.com ""handyman special"" ""46202""",https://www.google.com/search?q=site%3Azillow.com+%22handyman+special%22+%2246202%22
"Indianapolis, IN",IN,46202,investor special,High,Generally permitted - verify current statute,"site:zillow.com ""investor special"" ""46202""",https://www.google.com/search?q=site%3Azillow.com+%22investor+special%22+%2246202%22
"Indianapolis, IN",IN,46202,as-is,High,Generally permitted - verify current statute,"site:zillow.com ""as-is"" ""46202""",https://www.google.com/search?q=site%3Azillow.com+%22as-is%22+%2246202%22
"Indianapolis, IN",IN,46202,needs TLC,High,Generally permitted - verify current statute,"site:zillow.com ""needs TLC"" ""46202""",https://www.google.com/search?q=site%3Azillow.com+%22needs+TLC%22+%2246202%22
"Indianapolis, IN",IN,46202,probate,High,Generally permitted - verify current statute,"site:zillow.com ""probate"" ""46202""",https://www.google.com/search?q=site%3Azillow.com+%22probate%22+%2246202%22
"Indianapolis, IN",IN,46202,estate sale,Medium,Generally permitted - verify current statute,"site:zillow.com ""estate sale"" ""46202""",https://www.google.com/search?q=site%3Azillow.com+%22estate+sale%22+%2246202%22
"Indianapolis, IN",IN,46202,inherited,Medium,Generally permitted - verify current statute,"site:zillow.com ""inherited"" ""46202""",https://www.google.com/search?q=site%3Azillow.com+%22inherited%22+%2246202%22
"Indianapolis, IN",IN,46202,motivated seller,High,Generally permitted - verify current statute,"site:zillow.com ""motivated seller"" ""46202""",https://www.google.com/search?q=site%3Azillow.com+%22motivated+seller%22+%2246202%22
"Indianapolis, IN",IN,46202,must sell,Medium,Generally permitted - verify current statute,"site:zillow.com ""must sell"" ""46202""",https://www.google.com/search?q=site%3Azillow.com+%22must+sell%22+%2246202%22
"Indianapolis, IN",IN,46202,cash only,High,Generally permitted - verify current statute,"site:zillow.com ""cash only"" ""46202""",https://www.google.com/search?q=site%3Azillow.com+%22cash+only%22+%2246202%22
"Indianapolis, IN",IN,46202,bring all offers,Medium,Generally permitted - verify current statute,"site:zillow.com ""bring all offers"" ""46202""",https://www.google.com/search?q=site%3Azillow.com+%22bring+all+offers%22+%2246202%22
"Indianapolis, IN",IN,46202,priced to sell,Low,Generally permitted - verify current statute,"site:zillow.com ""priced to sell"" ""46202""",https://www.google.com/search?q=site%3Azillow.com+%22priced+to+sell%22+%2246202%22
"Indianapolis, IN",IN,46202,tear down,Medium,Generally permitted - verify current statute,"site:zillow.com ""tear down"" ""46202""",https://www.google.com/search?q=site%3Azillow.com+%22tear+down%22+%2246202%22
"Indianapolis, IN",IN,46202,needs work,Medium,Generally permitted - verify current statute,"site:zillow.com ""needs work"" ""46202""",https://www.google.com/search?q=site%3Azillow.com+%22needs+work%22+%2246202%22
"Indianapolis, IN",IN,46218,fixer upper,High,Generally permitted - verify current statute,"site:zillow.com ""fixer upper"" ""46218""",https://www.google.com/search?q=site%3Azillow.com+%22fixer+upper%22+%2246218%22
"Indianapolis, IN",IN,46218,handyman special,High,Generally permitted - verify current statute,"site:zillow.com ""handyman special"" ""46218""",https://www.google.com/search?q=site%3Azillow.com+%22handyman+special%22+%2246218%22
"Indianapolis, IN",IN,46218,investor special,High,Generally permitted - verify current statute,"site:zillow.com ""investor special"" ""46218""",https://www.google.com/search?q=site%3Azillow.com+%22investor+special%22+%2246218%22
"Indianapolis, IN",IN,46218,as-is,High,Generally permitted - verify current statute,"site:zillow.com ""as-is"" ""46218""",https://www.google.com/search?q=site%3Azillow.com+%22as-is%22+%2246218%22
"Indianapolis, IN",IN,46218,needs TLC,High,Generally permitted - verify current statute,"site:zillow.com ""needs TLC"" ""46218""",https://www.google.com/search?q=site%3Azillow.com+%22needs+TLC%22+%2246218%22
"Indianapolis, IN",IN,46218,probate,High,Generally permitted - verify current statute,"site:zillow.com ""probate"" ""46218""",https://www.google.com/search?q=site%3Azillow.com+%22probate%22+%2246218%22
"Indianapolis, IN",IN,46218,estate sale,Medium,Generally permitted - verify current statute,"site:zillow.com ""estate sale"" ""46218""",https://www.google.com/search?q=site%3Azillow.com+%22estate+sale%22+%2246218%22
"Indianapolis, IN",IN,46218,inherited,Medium,Generally permitted - verify current statute,"site:zillow.com ""inherited"" ""46218""",https://www.google.com/search?q=site%3Azillow.com+%22inherited%22+%2246218%22
"Indianapolis, IN",IN,46218,motivated seller,High,Generally permitted - verify current statute,"site:zillow.com ""motivated seller"" ""46218""",https://www.google.com/search?q=site%3Azillow.com+%22motivated+seller%22+%2246218%22
"Indianapolis, IN",IN,46218,must sell,Medium,Generally permitted - verify current statute,"site:zillow.com ""must sell"" ""46218""",https://www.google.com/search?q=site%3Azillow.com+%22must+sell%22+%2246218%22
"Indianapolis, IN",IN,46218,cash only,High,Generally permitted - verify current statute,"site:zillow.com ""cash only"" ""46218""",https://www.google.com/search?q=site%3Azillow.com+%22cash+only%22+%2246218%22
"Indianapolis, IN",IN,46218,bring all offers,Medium,Generally permitted - verify current statute,"site:zillow.com ""bring all offers"" ""46218""",https://www.google.com/search?q=site%3Azillow.com+%22bring+all+offers%22+%2246218%22
"Indianapolis, IN",IN,46218,priced to sell,Low,Generally permitted - verify current statute,"site:zillow.com ""priced to sell"" ""46218""",https://www.google.com/search?q=site%3Azillow.com+%22priced+to+sell%22+%2246218%22
"Indianapolis, IN",IN,46218,tear down,Medium,Generally permitted - verify current statute,"site:zillow.com ""tear down"" ""46218""",https://www.google.com/search?q=site%3Azillow.com+%22tear+down%22+%2246218%22
"Indianapolis, IN",IN,46218,needs work,Medium,Generally permitted - verify current statute,"site:zillow.com ""needs work"" ""46218""",https://www.google.com/search?q=site%3Azillow.com+%22needs+work%22+%2246218%22
"Indianapolis, IN",IN,46222,fixer upper,High,Generally permitted - verify current statute,"site:zillow.com ""fixer upper"" ""46222""",https://www.google.com/search?q=site%3Azillow.com+%22fixer+upper%22+%2246222%22
"Indianapolis, IN",IN,46222,handyman special,High,Generally permitted - verify current statute,"site:zillow.com ""handyman special"" ""46222""",https://www.google.com/search?q=site%3Azillow.com+%22handyman+special%22+%2246222%22
"Indianapolis, IN",IN,46222,investor special,High,Generally permitted - verify current statute,"site:zillow.com ""investor special"" ""46222""",https://www.google.com/search?q=site%3Azillow.com+%22investor+special%22+%2246222%22
"Indianapolis, IN",IN,46222,as-is,High,Generally permitted - verify current statute,"site:zillow.com ""as-is"" ""46222""",https://www.google.com/search?q=site%3Azillow.com+%22as-is%22+%2246222%22
"Indianapolis, IN",IN,46222,needs TLC,High,Generally permitted - verify current statute,"site:zillow.com ""needs TLC"" ""46222""",https://www.google.com/search?q=site%3Azillow.com+%22needs+TLC%22+%2246222%22
"Indianapolis, IN",IN,46222,probate,High,Generally permitted - verify current statute,"site:zillow.com ""probate"" ""46222""",https://www.google.com/search?q=site%3Azillow.com+%22probate%22+%2246222%22
"Indianapolis, IN",IN,46222,estate sale,Medium,Generally permitted - verify current statute,"site:zillow.com ""estate sale"" ""46222""",https://www.google.com/search?q=site%3Azillow.com+%22estate+sale%22+%2246222%22
"Indianapolis, IN",IN,46222,inherited,Medium,Generally permitted - verify current statute,"site:zillow.com ""inherited"" ""46222""",https://www.google.com/search?q=site%3Azillow.com+%22inherited%22+%2246222%22
"Indianapolis, IN",IN,46222,motivated seller,High,Generally permitted - verify current statute,"site:zillow.com ""motivated seller"" ""46222""",https://www.google.com/search?q=site%3Azillow.com+%22motivated+seller%22+%2246222%22
"Indianapolis, IN",IN,46222,must sell,Medium,Generally permitted - verify current statute,"site:zillow.com ""must sell"" ""46222""",https://www.google.com/search?q=site%3Azillow.com+%22must+sell%22+%2246222%22
"Indianapolis, IN",IN,46222,cash only,High,Generally permitted - verify current statute,"site:zillow.com ""cash only"" ""46222""",https://www.google.com/search?q=site%3Azillow.com+%22cash+only%22+%2246222%22
"Indianapolis, IN",IN,46222,bring all offers,Medium,Generally permitted - verify current statute,"site:zillow.com ""bring all offers"" ""46222""",https://www.google.com/search?q=site%3Azillow.com+%22bring+all+offers%22+%2246222%22
"Indianapolis, IN",IN,46222,priced to sell,Low,Generally permitted - verify current statute,"site:zillow.com ""priced to sell"" ""46222""",https://www.google.com/search?q=site%3Azillow.com+%22priced+to+sell%22+%2246222%22
"Indianapolis, IN",IN,46222,tear down,Medium,Generally permitted - verify current statute,"site:zillow.com ""tear down"" ""46222""",https://www.google.com/search?q=site%3Azillow.com+%22tear+down%22+%2246222%22
"Indianapolis, IN",IN,46222,needs work,Medium,Generally permitted - verify current statute,"site:zillow.com ""needs work"" ""46222""",https://www.google.com/search?q=site%3Azillow.com+%22needs+work%22+%2246222%22
"Indianapolis, IN",IN,46226,fixer upper,High,Generally permitted - verify current statute,"site:zillow.com ""fixer upper"" ""46226""",https://www.google.com/search?q=site%3Azillow.com+%22fixer+upper%22+%2246226%22
"Indianapolis, IN",IN,46226,handyman special,High,Generally permitted - verify current statute,"site:zillow.com ""handyman special"" ""46226""",https://www.google.com/search?q=site%3Azillow.com+%22handyman+special%22+%2246226%22
"Indianapolis, IN",IN,46226,investor special,High,Generally permitted - verify current statute,"site:zillow.com ""investor special"" ""46226""",https://www.google.com/search?q=site%3Azillow.com+%22investor+special%22+%2246226%22
"Indianapolis, IN",IN,46226,as-is,High,Generally permitted - verify current statute,"site:zillow.com ""as-is"" ""46226""",https://www.google.com/search?q=site%3Azillow.com+%22as-is%22+%2246226%22
"Indianapolis, IN",IN,46226,needs TLC,High,Generally permitted - verify current statute,"site:zillow.com ""needs TLC"" ""46226""",https://www.google.com/search?q=site%3Azillow.com+%22needs+TLC%22+%2246226%22
"Indianapolis, IN",IN,46226,probate,High,Generally permitted - verify current statute,"site:zillow.com ""probate"" ""46226""",https://www.google.com/search?q=site%3Azillow.com+%22probate%22+%2246226%22
"Indianapolis, IN",IN,46226,estate sale,Medium,Generally permitted - verify current statute,"site:zillow.com ""estate sale"" ""46226""",https://www.google.com/search?q=site%3Azillow.com+%22estate+sale%22+%2246226%22
"Indianapolis, IN",IN,46226,inherited,Medium,Generally permitted - verify current statute,"site:zillow.com ""inherited"" ""46226""",https://www.google.com/search?q=site%3Azillow.com+%22inherited%22+%2246226%22
"Indianapolis, IN",IN,46226,motivated seller,High,Generally permitted - verify current statute,"site:zillow.com ""motivated seller"" ""46226""",https://www.google.com/search?q=site%3Azillow.com+%22motivated+seller%22+%2246226%22
"Indianapolis, IN",IN,46226,must sell,Medium,Generally permitted - verify current statute,"site:zillow.com ""must sell"" ""46226""",https://www.google.com/search?q=site%3Azillow.com+%22must+sell%22+%2246226%22
"Indianapolis, IN",IN,46226,cash only,High,Generally permitted - verify current statute,"site:zillow.com ""cash only"" ""46226""",https://www.google.com/search?q=site%3Azillow.com+%22cash+only%22+%2246226%22
"Indianapolis, IN",IN,46226,bring all offers,Medium,Generally permitted - verify current statute,"site:zillow.com ""bring all offers"" ""46226""",https://www.google.com/search?q=site%3Azillow.com+%22bring+all+offers%22+%2246226%22
"Indianapolis, IN",IN,46226,priced to sell,Low,Generally permitted - verify current statute,"site:zillow.com ""priced to sell"" ""46226""",https://www.google.com/search?q=site%3Azillow.com+%22priced+to+sell%22+%2246226%22
"Indianapolis, IN",IN,46226,tear down,Medium,Generally permitted - verify current statute,"site:zillow.com ""tear down"" ""46226""",https://www.google.com/search?q=site%3Azillow.com+%22tear+down%22+%2246226%22
"Indianapolis, IN",IN,46226,needs work,Medium,Generally permitted - verify current statute,"site:zillow.com ""needs work"" ""46226""",https://www.google.com/search?q=site%3Azillow.com+%22needs+work%22+%2246226%22
"Indianapolis, IN",IN,46241,fixer upper,High,Generally permitted - verify current statute,"site:zillow.com ""fixer upper"" ""46241""",https://www.google.com/search?q=site%3Azillow.com+%22fixer+upper%22+%2246241%22
"Indianapolis, IN",IN,46241,handyman special,High,Generally permitted - verify current statute,"site:zillow.com ""handyman special"" ""46241""",https://www.google.com/search?q=site%3Azillow.com+%22handyman+special%22+%2246241%22
"Indianapolis, IN",IN,46241,investor special,High,Generally permitted - verify current statute,"site:zillow.com ""investor special"" ""46241""",https://www.google.com/search?q=site%3Azillow.com+%22investor+special%22+%2246241%22
"Indianapolis, IN",IN,46241,as-is,High,Generally permitted - verify current statute,"site:zillow.com ""as-is"" ""46241""",https://www.google.com/search?q=site%3Azillow.com+%22as-is%22+%2246241%22
"Indianapolis, IN",IN,46241,needs TLC,High,Generally permitted - verify current statute,"site:zillow.com ""needs TLC"" ""46241""",https://www.google.com/search?q=site%3Azillow.com+%22needs+TLC%22+%2246241%22
"Indianapolis, IN",IN,46241,probate,High,Generally permitted - verify current statute,"site:zillow.com ""probate"" ""46241""",https://www.google.com/search?q=site%3Azillow.com+%22probate%22+%2246241%22
"Indianapolis, IN",IN,46241,estate sale,Medium,Generally permitted - verify current statute,"site:zillow.com ""estate sale"" ""46241""",https://www.google.com/search?q=site%3Azillow.com+%22estate+sale%22+%2246241%22
"Indianapolis, IN",IN,46241,inherited,Medium,Generally permitted - verify current statute,"site:zillow.com ""inherited"" ""46241""",https://www.google.com/search?q=site%3Azillow.com+%22inherited%22+%2246241%22
"Indianapolis, IN",IN,46241,motivated seller,High,Generally permitted - verify current statute,"site:zillow.com ""motivated seller"" ""46241""",https://www.google.com/search?q=site%3Azillow.com+%22motivated+seller%22+%2246241%22
"Indianapolis, IN",IN,46241,must sell,Medium,Generally permitted - verify current statute,"site:zillow.com ""must sell"" ""46241""",https://www.google.com/search?q=site%3Azillow.com+%22must+sell%22+%2246241%22
"Indianapolis, IN",IN,46241,cash only,High,Generally permitted - verify current statute,"site:zillow.com ""cash only"" ""46241""",https://www.google.com/search?q=site%3Azillow.com+%22cash+only%22+%2246241%22
"Indianapolis, IN",IN,46241,bring all offers,Medium,Generally permitted - verify current statute,"site:zillow.com ""bring all offers"" ""46241""",https://www.google.com/search?q=site%3Azillow.com+%22bring+all+offers%22+%2246241%22
"Indianapolis, IN",IN,46241,priced to sell,Low,Generally permitted - verify current statute,"site:zillow.com ""priced to sell"" ""46241""",https://www.google.com/search?q=site%3Azillow.com+%22priced+to+sell%22+%2246241%22
"Indianapolis, IN",IN,46241,tear down,Medium,Generally permitted - verify current statute,"site:zillow.com ""tear down"" ""46241""",https://www.google.com/search?q=site%3Azillow.com+%22tear+down%22+%2246241%22
"Indianapolis, IN",IN,46241,needs work,Medium,Generally permitted - verify current statute,"site:zillow.com ""needs work"" ""46241""",https://www.google.com/search?q=site%3Azillow.com+%22needs+work%22+%2246241%22
"Jacksonville, FL",FL,"Jacksonville, FL",fixer upper,High,Generally permitted - verify current statute,"site:zillow.com ""fixer upper"" ""Jacksonville, FL""",https://www.google.com/search?q=site%3Azillow.com+%22fixer+upper%22+%22Jacksonville%2C+FL%22
"Jacksonville, FL",FL,"Jacksonville, FL",handyman special,High,Generally permitted - verify current statute,"site:zillow.com ""handyman special"" ""Jacksonville, FL""",https://www.google.com/search?q=site%3Azillow.com+%22handyman+special%22+%22Jacksonville%2C+FL%22
"Jacksonville, FL",FL,"Jacksonville, FL",investor special,High,Generally permitted - verify current statute,"site:zillow.com ""investor special"" ""Jacksonville, FL""",https://www.google.com/search?q=site%3Azillow.com+%22investor+special%22+%22Jacksonville%2C+FL%22
"Jacksonville, FL",FL,"Jacksonville, FL",as-is,High,Generally permitted - verify current statute,"site:zillow.com ""as-is"" ""Jacksonville, FL""",https://www.google.com/search?q=site%3Azillow.com+%22as-is%22+%22Jacksonville%2C+FL%22
"Jacksonville, FL",FL,"Jacksonville, FL",needs TLC,High,Generally permitted - verify current statute,"site:zillow.com ""needs TLC"" ""Jacksonville, FL""",https://www.google.com/search?q=site%3Azillow.com+%22needs+TLC%22+%22Jacksonville%2C+FL%22
"Jacksonville, FL",FL,"Jacksonville, FL",probate,High,Generally permitted - verify current statute,"site:zillow.com ""probate"" ""Jacksonville, FL""",https://www.google.com/search?q=site%3Azillow.com+%22probate%22+%22Jacksonville%2C+FL%22
"Jacksonville, FL",FL,"Jacksonville, FL",estate sale,Medium,Generally permitted - verify current statute,"site:zillow.com ""estate sale"" ""Jacksonville, FL""",https://www.google.com/search?q=site%3Azillow.com+%22estate+sale%22+%22Jacksonville%2C+FL%22
"Jacksonville, FL",FL,"Jacksonville, FL",inherited,Medium,Generally permitted - verify current statute,"site:zillow.com ""inherited"" ""Jacksonville, FL""",https://www.google.com/search?q=site%3Azillow.com+%22inherited%22+%22Jacksonville%2C+FL%22
"Jacksonville, FL",FL,"Jacksonville, FL",motivated seller,High,Generally permitted - verify current statute,"site:zillow.com ""motivated seller"" ""Jacksonville, FL""",https://www.google.com/search?q=site%3Azillow.com+%22motivated+seller%22+%22Jacksonville%2C+FL%22
"Jacksonville, FL",FL,"Jacksonville, FL",must sell,Medium,Generally permitted - verify current statute,"site:zillow.com ""must sell"" ""Jacksonville, FL""",https://www.google.com/search?q=site%3Azillow.com+%22must+sell%22+%22Jacksonville%2C+FL%22
"Jacksonville, FL",FL,"Jacksonville, FL",cash only,High,Generally permitted - verify current statute,"site:zillow.com ""cash only"" ""Jacksonville, FL""",https://www.google.com/search?q=site%3Azillow.com+%22cash+only%22+%22Jacksonville%2C+FL%22
"Jacksonville, FL",FL,"Jacksonville, FL",bring all offers,Medium,Generally permitted - verify current statute,"site:zillow.com ""bring all offers"" ""Jacksonville, FL""",https://www.google.com/search?q=site%3Azillow.com+%22bring+all+offers%22+%22Jacksonville%2C+FL%22
"Jacksonville, FL",FL,"Jacksonville, FL",priced to sell,Low,Generally permitted - verify current statute,"site:zillow.com ""priced to sell"" ""Jacksonville, FL""",https://www.google.com/search?q=site%3Azillow.com+%22priced+to+sell%22+%22Jacksonville%2C+FL%22
"Jacksonville, FL",FL,"Jacksonville, FL",tear down,Medium,Generally permitted - verify current statute,"site:zillow.com ""tear down"" ""Jacksonville, FL""",https://www.google.com/search?q=site%3Azillow.com+%22tear+down%22+%22Jacksonville%2C+FL%22
"Jacksonville, FL",FL,"Jacksonville, FL",needs work,Medium,Generally permitted - verify current statute,"site:zillow.com ""needs work"" ""Jacksonville, FL""",https://www.google.com/search?q=site%3Azillow.com+%22needs+work%22+%22Jacksonville%2C+FL%22
"Jacksonville, FL",FL,32204,fixer upper,High,Generally permitted - verify current statute,"site:zillow.com ""fixer upper"" ""32204""",https://www.google.com/search?q=site%3Azillow.com+%22fixer+upper%22+%2232204%22
"Jacksonville, FL",FL,32204,handyman special,High,Generally permitted - verify current statute,"site:zillow.com ""handyman special"" ""32204""",https://www.google.com/search?q=site%3Azillow.com+%22handyman+special%22+%2232204%22
"Jacksonville, FL",FL,32204,investor special,High,Generally permitted - verify current statute,"site:zillow.com ""investor special"" ""32204""",https://www.google.com/search?q=site%3Azillow.com+%22investor+special%22+%2232204%22
"Jacksonville, FL",FL,32204,as-is,High,Generally permitted - verify current statute,"site:zillow.com ""as-is"" ""32204""",https://www.google.com/search?q=site%3Azillow.com+%22as-is%22+%2232204%22
"Jacksonville, FL",FL,32204,needs TLC,High,Generally permitted - verify current statute,"site:zillow.com ""needs TLC"" ""32204""",https://www.google.com/search?q=site%3Azillow.com+%22needs+TLC%22+%2232204%22
"Jacksonville, FL",FL,32204,probate,High,Generally permitted - verify current statute,"site:zillow.com ""probate"" ""32204""",https://www.google.com/search?q=site%3Azillow.com+%22probate%22+%2232204%22
"Jacksonville, FL",FL,32204,estate sale,Medium,Generally permitted - verify current statute,"site:zillow.com ""estate sale"" ""32204""",https://www.google.com/search?q=site%3Azillow.com+%22estate+sale%22+%2232204%22
"Jacksonville, FL",FL,32204,inherited,Medium,Generally permitted - verify current statute,"site:zillow.com ""inherited"" ""32204""",https://www.google.com/search?q=site%3Azillow.com+%22inherited%22+%2232204%22
"Jacksonville, FL",FL,32204,motivated seller,High,Generally permitted - verify current statute,"site:zillow.com ""motivated seller"" ""32204""",https://www.google.com/search?q=site%3Azillow.com+%22motivated+seller%22+%2232204%22
"Jacksonville, FL",FL,32204,must sell,Medium,Generally permitted - verify current statute,"site:zillow.com ""must sell"" ""32204""",https://www.google.com/search?q=site%3Azillow.com+%22must+sell%22+%2232204%22
"Jacksonville, FL",FL,32204,cash only,High,Generally permitted - verify current statute,"site:zillow.com ""cash only"" ""32204""",https://www.google.com/search?q=site%3Azillow.com+%22cash+only%22+%2232204%22
"Jacksonville, FL",FL,32204,bring all offers,Medium,Generally permitted - verify current statute,"site:zillow.com ""bring all offers"" ""32204""",https://www.google.com/search?q=site%3Azillow.com+%22bring+all+offers%22+%2232204%22
"Jacksonville, FL",FL,32204,priced to sell,Low,Generally permitted - verify current statute,"site:zillow.com ""priced to sell"" ""32204""",https://www.google.com/search?q=site%3Azillow.com+%22priced+to+sell%22+%2232204%22
"Jacksonville, FL",FL,32204,tear down,Medium,Generally permitted - verify current statute,"site:zillow.com ""tear down"" ""32204""",https://www.google.com/search?q=site%3Azillow.com+%22tear+down%22+%2232204%22
"Jacksonville, FL",FL,32204,needs work,Medium,Generally permitted - verify current statute,"site:zillow.com ""needs work"" ""32204""",https://www.google.com/search?q=site%3Azillow.com+%22needs+work%22+%2232204%22
"Jacksonville, FL",FL,32206,fixer upper,High,Generally permitted - verify current statute,"site:zillow.com ""fixer upper"" ""32206""",https://www.google.com/search?q=site%3Azillow.com+%22fixer+upper%22+%2232206%22
"Jacksonville, FL",FL,32206,handyman special,High,Generally permitted - verify current statute,"site:zillow.com ""handyman special"" ""32206""",https://www.google.com/search?q=site%3Azillow.com+%22handyman+special%22+%2232206%22
"Jacksonville, FL",FL,32206,investor special,High,Generally permitted - verify current statute,"site:zillow.com ""investor special"" ""32206""",https://www.google.com/search?q=site%3Azillow.com+%22investor+special%22+%2232206%22
"Jacksonville, FL",FL,32206,as-is,High,Generally permitted - verify current statute,"site:zillow.com ""as-is"" ""32206""",https://www.google.com/search?q=site%3Azillow.com+%22as-is%22+%2232206%22
"Jacksonville, FL",FL,32206,needs TLC,High,Generally permitted - verify current statute,"site:zillow.com ""needs TLC"" ""32206""",https://www.google.com/search?q=site%3Azillow.com+%22needs+TLC%22+%2232206%22
"Jacksonville, FL",FL,32206,probate,High,Generally permitted - verify current statute,"site:zillow.com ""probate"" ""32206""",https://www.google.com/search?q=site%3Azillow.com+%22probate%22+%2232206%22
"Jacksonville, FL",FL,32206,estate sale,Medium,Generally permitted - verify current statute,"site:zillow.com ""estate sale"" ""32206""",https://www.google.com/search?q=site%3Azillow.com+%22estate+sale%22+%2232206%22
"Jacksonville, FL",FL,32206,inherited,Medium,Generally permitted - verify current statute,"site:zillow.com ""inherited"" ""32206""",https://www.google.com/search?q=site%3Azillow.com+%22inherited%22+%2232206%22
"Jacksonville, FL",FL,32206,motivated seller,High,Generally permitted - verify current statute,"site:zillow.com ""motivated seller"" ""32206""",https://www.google.com/search?q=site%3Azillow.com+%22motivated+seller%22+%2232206%22
"Jacksonville, FL",FL,32206,must sell,Medium,Generally permitted - verify current statute,"site:zillow.com ""must sell"" ""32206""",https://www.google.com/search?q=site%3Azillow.com+%22must+sell%22+%2232206%22
"Jacksonville, FL",FL,32206,cash only,High,Generally permitted - verify current statute,"site:zillow.com ""cash only"" ""32206""",https://www.google.com/search?q=site%3Azillow.com+%22cash+only%22+%2232206%22
"Jacksonville, FL",FL,32206,bring all offers,Medium,Generally permitted - verify current statute,"site:zillow.com ""bring all offers"" ""32206""",https://www.google.com/search?q=site%3Azillow.com+%22bring+all+offers%22+%2232206%22
"Jacksonville, FL",FL,32206,priced to sell,Low,Generally permitted - verify current statute,"site:zillow.com ""priced to sell"" ""32206""",https://www.google.com/search?q=site%3Azillow.com+%22priced+to+sell%22+%2232206%22
"Jacksonville, FL",FL,32206,tear down,Medium,Generally permitted - verify current statute,"site:zillow.com ""tear down"" ""32206""",https://www.google.com/search?q=site%3Azillow.com+%22tear+down%22+%2232206%22
"Jacksonville, FL",FL,32206,needs work,Medium,Generally permitted - verify current statute,"site:zillow.com ""needs work"" ""32206""",https://www.google.com/search?q=site%3Azillow.com+%22needs+work%22+%2232206%22
"Jacksonville, FL",FL,32208,fixer upper,High,Generally permitted - verify current statute,"site:zillow.com ""fixer upper"" ""32208""",https://www.google.com/search?q=site%3Azillow.com+%22fixer+upper%22+%2232208%22
"Jacksonville, FL",FL,32208,handyman special,High,Generally permitted - verify current statute,"site:zillow.com ""handyman special"" ""32208""",https://www.google.com/search?q=site%3Azillow.com+%22handyman+special%22+%2232208%22
"Jacksonville, FL",FL,32208,investor special,High,Generally permitted - verify current statute,"site:zillow.com ""investor special"" ""32208""",https://www.google.com/search?q=site%3Azillow.com+%22investor+special%22+%2232208%22
"Jacksonville, FL",FL,32208,as-is,High,Generally permitted - verify current statute,"site:zillow.com ""as-is"" ""32208""",https://www.google.com/search?q=site%3Azillow.com+%22as-is%22+%2232208%22
"Jacksonville, FL",FL,32208,needs TLC,High,Generally permitted - verify current statute,"site:zillow.com ""needs TLC"" ""32208""",https://www.google.com/search?q=site%3Azillow.com+%22needs+TLC%22+%2232208%22
"Jacksonville, FL",FL,32208,probate,High,Generally permitted - verify current statute,"site:zillow.com ""probate"" ""32208""",https://www.google.com/search?q=site%3Azillow.com+%22probate%22+%2232208%22
"Jacksonville, FL",FL,32208,estate sale,Medium,Generally permitted - verify current statute,"site:zillow.com ""estate sale"" ""32208""",https://www.google.com/search?q=site%3Azillow.com+%22estate+sale%22+%2232208%22
"Jacksonville, FL",FL,32208,inherited,Medium,Generally permitted - verify current statute,"site:zillow.com ""inherited"" ""32208""",https://www.google.com/search?q=site%3Azillow.com+%22inherited%22+%2232208%22
"Jacksonville, FL",FL,32208,motivated seller,High,Generally permitted - verify current statute,"site:zillow.com ""motivated seller"" ""32208""",https://www.google.com/search?q=site%3Azillow.com+%22motivated+seller%22+%2232208%22
"Jacksonville, FL",FL,32208,must sell,Medium,Generally permitted - verify current statute,"site:zillow.com ""must sell"" ""32208""",https://www.google.com/search?q=site%3Azillow.com+%22must+sell%22+%2232208%22
"Jacksonville, FL",FL,32208,cash only,High,Generally permitted - verify current statute,"site:zillow.com ""cash only"" ""32208""",https://www.google.com/search?q=site%3Azillow.com+%22cash+only%22+%2232208%22
"Jacksonville, FL",FL,32208,bring all offers,Medium,Generally permitted - verify current statute,"site:zillow.com ""bring all offers"" ""32208""",https://www.google.com/search?q=site%3Azillow.com+%22bring+all+offers%22+%2232208%22
"Jacksonville, FL",FL,32208,priced to sell,Low,Generally permitted - verify current statute,"site:zillow.com ""priced to sell"" ""32208""",https://www.google.com/search?q=site%3Azillow.com+%22priced+to+sell%22+%2232208%22
"Jacksonville, FL",FL,32208,tear down,Medium,Generally permitted - verify current statute,"site:zillow.com ""tear down"" ""32208""",https://www.google.com/search?q=site%3Azillow.com+%22tear+down%22+%2232208%22
"Jacksonville, FL",FL,32208,needs work,Medium,Generally permitted - verify current statute,"site:zillow.com ""needs work"" ""32208""",https://www.google.com/search?q=site%3Azillow.com+%22needs+work%22+%2232208%22
"Jacksonville, FL",FL,32209,fixer upper,High,Generally permitted - verify current statute,"site:zillow.com ""fixer upper"" ""32209""",https://www.google.com/search?q=site%3Azillow.com+%22fixer+upper%22+%2232209%22
"Jacksonville, FL",FL,32209,handyman special,High,Generally permitted - verify current statute,"site:zillow.com ""handyman special"" ""32209""",https://www.google.com/search?q=site%3Azillow.com+%22handyman+special%22+%2232209%22
"Jacksonville, FL",FL,32209,investor special,High,Generally permitted - verify current statute,"site:zillow.com ""investor special"" ""32209""",https://www.google.com/search?q=site%3Azillow.com+%22investor+special%22+%2232209%22
"Jacksonville, FL",FL,32209,as-is,High,Generally permitted - verify current statute,"site:zillow.com ""as-is"" ""32209""",https://www.google.com/search?q=site%3Azillow.com+%22as-is%22+%2232209%22
"Jacksonville, FL",FL,32209,needs TLC,High,Generally permitted - verify current statute,"site:zillow.com ""needs TLC"" ""32209""",https://www.google.com/search?q=site%3Azillow.com+%22needs+TLC%22+%2232209%22
"Jacksonville, FL",FL,32209,probate,High,Generally permitted - verify current statute,"site:zillow.com ""probate"" ""32209""",https://www.google.com/search?q=site%3Azillow.com+%22probate%22+%2232209%22
"Jacksonville, FL",FL,32209,estate sale,Medium,Generally permitted - verify current statute,"site:zillow.com ""estate sale"" ""32209""",https://www.google.com/search?q=site%3Azillow.com+%22estate+sale%22+%2232209%22
"Jacksonville, FL",FL,32209,inherited,Medium,Generally permitted - verify current statute,"site:zillow.com ""inherited"" ""32209""",https://www.google.com/search?q=site%3Azillow.com+%22inherited%22+%2232209%22
"Jacksonville, FL",FL,32209,motivated seller,High,Generally permitted - verify current statute,"site:zillow.com ""motivated seller"" ""32209""",https://www.google.com/search?q=site%3Azillow.com+%22motivated+seller%22+%2232209%22
"Jacksonville, FL",FL,32209,must sell,Medium,Generally permitted - verify current statute,"site:zillow.com ""must sell"" ""32209""",https://www.google.com/search?q=site%3Azillow.com+%22must+sell%22+%2232209%22
"Jacksonville, FL",FL,32209,cash only,High,Generally permitted - verify current statute,"site:zillow.com ""cash only"" ""32209""",https://www.google.com/search?q=site%3Azillow.com+%22cash+only%22+%2232209%22
"Jacksonville, FL",FL,32209,bring all offers,Medium,Generally permitted - verify current statute,"site:zillow.com ""bring all offers"" ""32209""",https://www.google.com/search?q=site%3Azillow.com+%22bring+all+offers%22+%2232209%22
"Jacksonville, FL",FL,32209,priced to sell,Low,Generally permitted - verify current statute,"site:zillow.com ""priced to sell"" ""32209""",https://www.google.com/search?q=site%3Azillow.com+%22priced+to+sell%22+%2232209%22
"Jacksonville, FL",FL,32209,tear down,Medium,Generally permitted - verify current statute,"site:zillow.com ""tear down"" ""32209""",https://www.google.com/search?q=site%3Azillow.com+%22tear+down%22+%2232209%22
"Jacksonville, FL",FL,32209,needs work,Medium,Generally permitted - verify current statute,"site:zillow.com ""needs work"" ""32209""",https://www.google.com/search?q=site%3Azillow.com+%22needs+work%22+%2232209%22
"Jacksonville, FL",FL,32210,fixer upper,High,Generally permitted - verify current statute,"site:zillow.com ""fixer upper"" ""32210""",https://www.google.com/search?q=site%3Azillow.com+%22fixer+upper%22+%2232210%22
"Jacksonville, FL",FL,32210,handyman special,High,Generally permitted - verify current statute,"site:zillow.com ""handyman special"" ""32210""",https://www.google.com/search?q=site%3Azillow.com+%22handyman+special%22+%2232210%22
"Jacksonville, FL",FL,32210,investor special,High,Generally permitted - verify current statute,"site:zillow.com ""investor special"" ""32210""",https://www.google.com/search?q=site%3Azillow.com+%22investor+special%22+%2232210%22
"Jacksonville, FL",FL,32210,as-is,High,Generally permitted - verify current statute,"site:zillow.com ""as-is"" ""32210""",https://www.google.com/search?q=site%3Azillow.com+%22as-is%22+%2232210%22
"Jacksonville, FL",FL,32210,needs TLC,High,Generally permitted - verify current statute,"site:zillow.com ""needs TLC"" ""32210""",https://www.google.com/search?q=site%3Azillow.com+%22needs+TLC%22+%2232210%22
"Jacksonville, FL",FL,32210,probate,High,Generally permitted - verify current statute,"site:zillow.com ""probate"" ""32210""",https://www.google.com/search?q=site%3Azillow.com+%22probate%22+%2232210%22
"Jacksonville, FL",FL,32210,estate sale,Medium,Generally permitted - verify current statute,"site:zillow.com ""estate sale"" ""32210""",https://www.google.com/search?q=site%3Azillow.com+%22estate+sale%22+%2232210%22
"Jacksonville, FL",FL,32210,inherited,Medium,Generally permitted - verify current statute,"site:zillow.com ""inherited"" ""32210""",https://www.google.com/search?q=site%3Azillow.com+%22inherited%22+%2232210%22
"Jacksonville, FL",FL,32210,motivated seller,High,Generally permitted - verify current statute,"site:zillow.com ""motivated seller"" ""32210""",https://www.google.com/search?q=site%3Azillow.com+%22motivated+seller%22+%2232210%22
"Jacksonville, FL",FL,32210,must sell,Medium,Generally permitted - verify current statute,"site:zillow.com ""must sell"" ""32210""",https://www.google.com/search?q=site%3Azillow.com+%22must+sell%22+%2232210%22
"Jacksonville, FL",FL,32210,cash only,High,Generally permitted - verify current statute,"site:zillow.com ""cash only"" ""32210""",https://www.google.com/search?q=site%3Azillow.com+%22cash+only%22+%2232210%22
"Jacksonville, FL",FL,32210,bring all offers,Medium,Generally permitted - verify current statute,"site:zillow.com ""bring all offers"" ""32210""",https://www.google.com/search?q=site%3Azillow.com+%22bring+all+offers%22+%2232210%22
"Jacksonville, FL",FL,32210,priced to sell,Low,Generally permitted - verify current statute,"site:zillow.com ""priced to sell"" ""32210""",https://www.google.com/search?q=site%3Azillow.com+%22priced+to+sell%22+%2232210%22
"Jacksonville, FL",FL,32210,tear down,Medium,Generally permitted - verify current statute,"site:zillow.com ""tear down"" ""32210""",https://www.google.com/search?q=site%3Azillow.com+%22tear+down%22+%2232210%22
"Jacksonville, FL",FL,32210,needs work,Medium,Generally permitted - verify current statute,"site:zillow.com ""needs work"" ""32210""",https://www.google.com/search?q=site%3Azillow.com+%22needs+work%22+%2232210%22
"Jacksonville, FL",FL,32254,fixer upper,High,Generally permitted - verify current statute,"site:zillow.com ""fixer upper"" ""32254""",https://www.google.com/search?q=site%3Azillow.com+%22fixer+upper%22+%2232254%22
"Jacksonville, FL",FL,32254,handyman special,High,Generally permitted - verify current statute,"site:zillow.com ""handyman special"" ""32254""",https://www.google.com/search?q=site%3Azillow.com+%22handyman+special%22+%2232254%22
"Jacksonville, FL",FL,32254,investor special,High,Generally permitted - verify current statute,"site:zillow.com ""investor special"" ""32254""",https://www.google.com/search?q=site%3Azillow.com+%22investor+special%22+%2232254%22
"Jacksonville, FL",FL,32254,as-is,High,Generally permitted - verify current statute,"site:zillow.com ""as-is"" ""32254""",https://www.google.com/search?q=site%3Azillow.com+%22as-is%22+%2232254%22
"Jacksonville, FL",FL,32254,needs TLC,High,Generally permitted - verify current statute,"site:zillow.com ""needs TLC"" ""32254""",https://www.google.com/search?q=site%3Azillow.com+%22needs+TLC%22+%2232254%22
"Jacksonville, FL",FL,32254,probate,High,Generally permitted - verify current statute,"site:zillow.com ""probate"" ""32254""",https://www.google.com/search?q=site%3Azillow.com+%22probate%22+%2232254%22
"Jacksonville, FL",FL,32254,estate sale,Medium,Generally permitted - verify current statute,"site:zillow.com ""estate sale"" ""32254""",https://www.google.com/search?q=site%3Azillow.com+%22estate+sale%22+%2232254%22
"Jacksonville, FL",FL,32254,inherited,Medium,Generally permitted - verify current statute,"site:zillow.com ""inherited"" ""32254""",https://www.google.com/search?q=site%3Azillow.com+%22inherited%22+%2232254%22
"Jacksonville, FL",FL,32254,motivated seller,High,Generally permitted - verify current statute,"site:zillow.com ""motivated seller"" ""32254""",https://www.google.com/search?q=site%3Azillow.com+%22motivated+seller%22+%2232254%22
"Jacksonville, FL",FL,32254,must sell,Medium,Generally permitted - verify current statute,"site:zillow.com ""must sell"" ""32254""",https://www.google.com/search?q=site%3Azillow.com+%22must+sell%22+%2232254%22
"Jacksonville, FL",FL,32254,cash only,High,Generally permitted - verify current statute,"site:zillow.com ""cash only"" ""32254""",https://www.google.com/search?q=site%3Azillow.com+%22cash+only%22+%2232254%22
"Jacksonville, FL",FL,32254,bring all offers,Medium,Generally permitted - verify current statute,"site:zillow.com ""bring all offers"" ""32254""",https://www.google.com/search?q=site%3Azillow.com+%22bring+all+offers%22+%2232254%22
"Jacksonville, FL",FL,32254,priced to sell,Low,Generally permitted - verify current statute,"site:zillow.com ""priced to sell"" ""32254""",https://www.google.com/search?q=site%3Azillow.com+%22priced+to+sell%22+%2232254%22
"Jacksonville, FL",FL,32254,tear down,Medium,Generally permitted - verify current statute,"site:zillow.com ""tear down"" ""32254""",https://www.google.com/search?q=site%3Azillow.com+%22tear+down%22+%2232254%22
"Jacksonville, FL",FL,32254,needs work,Medium,Generally permitted - verify current statute,"site:zillow.com ""needs work"" ""32254""",https://www.google.com/search?q=site%3Azillow.com+%22needs+work%22+%2232254%22
"Atlanta, GA",GA,"Atlanta, GA",fixer upper,High,Generally permitted - verify current statute,"site:zillow.com ""fixer upper"" ""Atlanta, GA""",https://www.google.com/search?q=site%3Azillow.com+%22fixer+upper%22+%22Atlanta%2C+GA%22
"Atlanta, GA",GA,"Atlanta, GA",handyman special,High,Generally permitted - verify current statute,"site:zillow.com ""handyman special"" ""Atlanta, GA""",https://www.google.com/search?q=site%3Azillow.com+%22handyman+special%22+%22Atlanta%2C+GA%22
"Atlanta, GA",GA,"Atlanta, GA",investor special,High,Generally permitted - verify current statute,"site:zillow.com ""investor special"" ""Atlanta, GA""",https://www.google.com/search?q=site%3Azillow.com+%22investor+special%22+%22Atlanta%2C+GA%22
"Atlanta, GA",GA,"Atlanta, GA",as-is,High,Generally permitted - verify current statute,"site:zillow.com ""as-is"" ""Atlanta, GA""",https://www.google.com/search?q=site%3Azillow.com+%22as-is%22+%22Atlanta%2C+GA%22
"Atlanta, GA",GA,"Atlanta, GA",needs TLC,High,Generally permitted - verify current statute,"site:zillow.com ""needs TLC"" ""Atlanta, GA""",https://www.google.com/search?q=site%3Azillow.com+%22needs+TLC%22+%22Atlanta%2C+GA%22
"Atlanta, GA",GA,"Atlanta, GA",probate,High,Generally permitted - verify current statute,"site:zillow.com ""probate"" ""Atlanta, GA""",https://www.google.com/search?q=site%3Azillow.com+%22probate%22+%22Atlanta%2C+GA%22
"Atlanta, GA",GA,"Atlanta, GA",estate sale,Medium,Generally permitted - verify current statute,"site:zillow.com ""estate sale"" ""Atlanta, GA""",https://www.google.com/search?q=site%3Azillow.com+%22estate+sale%22+%22Atlanta%2C+GA%22
"Atlanta, GA",GA,"Atlanta, GA",inherited,Medium,Generally permitted - verify current statute,"site:zillow.com ""inherited"" ""Atlanta, GA""",https://www.google.com/search?q=site%3Azillow.com+%22inherited%22+%22Atlanta%2C+GA%22
"Atlanta, GA",GA,"Atlanta, GA",motivated seller,High,Generally permitted - verify current statute,"site:zillow.com ""motivated seller"" ""Atlanta, GA""",https://www.google.com/search?q=site%3Azillow.com+%22motivated+seller%22+%22Atlanta%2C+GA%22
"Atlanta, GA",GA,"Atlanta, GA",must sell,Medium,Generally permitted - verify current statute,"site:zillow.com ""must sell"" ""Atlanta, GA""",https://www.google.com/search?q=site%3Azillow.com+%22must+sell%22+%22Atlanta%2C+GA%22
"Atlanta, GA",GA,"Atlanta, GA",cash only,High,Generally permitted - verify current statute,"site:zillow.com ""cash only"" ""Atlanta, GA""",https://www.google.com/search?q=site%3Azillow.com+%22cash+only%22+%22Atlanta%2C+GA%22
"Atlanta, GA",GA,"Atlanta, GA",bring all offers,Medium,Generally permitted - verify current statute,"site:zillow.com ""bring all offers"" ""Atlanta, GA""",https://www.google.com/search?q=site%3Azillow.com+%22bring+all+offers%22+%22Atlanta%2C+GA%22
"Atlanta, GA",GA,"Atlanta, GA",priced to sell,Low,Generally permitted - verify current statute,"site:zillow.com ""priced to sell"" ""Atlanta, GA""",https://www.google.com/search?q=site%3Azillow.com+%22priced+to+sell%22+%22Atlanta%2C+GA%22
"Atlanta, GA",GA,"Atlanta, GA",tear down,Medium,Generally permitted - verify current statute,"site:zillow.com ""tear down"" ""Atlanta, GA""",https://www.google.com/search?q=site%3Azillow.com+%22tear+down%22+%22Atlanta%2C+GA%22
"Atlanta, GA",GA,"Atlanta, GA",needs work,Medium,Generally permitted - verify current statute,"site:zillow.com ""needs work"" ""Atlanta, GA""",https://www.google.com/search?q=site%3Azillow.com+%22needs+work%22+%22Atlanta%2C+GA%22
"Atlanta, GA",GA,30310,fixer upper,High,Generally permitted - verify current statute,"site:zillow.com ""fixer upper"" ""30310""",https://www.google.com/search?q=site%3Azillow.com+%22fixer+upper%22+%2230310%22
"Atlanta, GA",GA,30310,handyman special,High,Generally permitted - verify current statute,"site:zillow.com ""handyman special"" ""30310""",https://www.google.com/search?q=site%3Azillow.com+%22handyman+special%22+%2230310%22
"Atlanta, GA",GA,30310,investor special,High,Generally permitted - verify current statute,"site:zillow.com ""investor special"" ""30310""",https://www.google.com/search?q=site%3Azillow.com+%22investor+special%22+%2230310%22
"Atlanta, GA",GA,30310,as-is,High,Generally permitted - verify current statute,"site:zillow.com ""as-is"" ""30310""",https://www.google.com/search?q=site%3Azillow.com+%22as-is%22+%2230310%22
"Atlanta, GA",GA,30310,needs TLC,High,Generally permitted - verify current statute,"site:zillow.com ""needs TLC"" ""30310""",https://www.google.com/search?q=site%3Azillow.com+%22needs+TLC%22+%2230310%22
"Atlanta, GA",GA,30310,probate,High,Generally permitted - verify current statute,"site:zillow.com ""probate"" ""30310""",https://www.google.com/search?q=site%3Azillow.com+%22probate%22+%2230310%22
"Atlanta, GA",GA,30310,estate sale,Medium,Generally permitted - verify current statute,"site:zillow.com ""estate sale"" ""30310""",https://www.google.com/search?q=site%3Azillow.com+%22estate+sale%22+%2230310%22
"Atlanta, GA",GA,30310,inherited,Medium,Generally permitted - verify current statute,"site:zillow.com ""inherited"" ""30310""",https://www.google.com/search?q=site%3Azillow.com+%22inherited%22+%2230310%22
"Atlanta, GA",GA,30310,motivated seller,High,Generally permitted - verify current statute,"site:zillow.com ""motivated seller"" ""30310""",https://www.google.com/search?q=site%3Azillow.com+%22motivated+seller%22+%2230310%22
"Atlanta, GA",GA,30310,must sell,Medium,Generally permitted - verify current statute,"site:zillow.com ""must sell"" ""30310""",https://www.google.com/search?q=site%3Azillow.com+%22must+sell%22+%2230310%22
"Atlanta, GA",GA,30310,cash only,High,Generally permitted - verify current statute,"site:zillow.com ""cash only"" ""30310""",https://www.google.com/search?q=site%3Azillow.com+%22cash+only%22+%2230310%22
"Atlanta, GA",GA,30310,bring all offers,Medium,Generally permitted - verify current statute,"site:zillow.com ""bring all offers"" ""30310""",https://www.google.com/search?q=site%3Azillow.com+%22bring+all+offers%22+%2230310%22
"Atlanta, GA",GA,30310,priced to sell,Low,Generally permitted - verify current statute,"site:zillow.com ""priced to sell"" ""30310""",https://www.google.com/search?q=site%3Azillow.com+%22priced+to+sell%22+%2230310%22
"Atlanta, GA",GA,30310,tear down,Medium,Generally permitted - verify current statute,"site:zillow.com ""tear down"" ""30310""",https://www.google.com/search?q=site%3Azillow.com+%22tear+down%22+%2230310%22
"Atlanta, GA",GA,30310,needs work,Medium,Generally permitted - verify current statute,"site:zillow.com ""needs work"" ""30310""",https://www.google.com/search?q=site%3Azillow.com+%22needs+work%22+%2230310%22
"Atlanta, GA",GA,30311,fixer upper,High,Generally permitted - verify current statute,"site:zillow.com ""fixer upper"" ""30311""",https://www.google.com/search?q=site%3Azillow.com+%22fixer+upper%22+%2230311%22
"Atlanta, GA",GA,30311,handyman special,High,Generally permitted - verify current statute,"site:zillow.com ""handyman special"" ""30311""",https://www.google.com/search?q=site%3Azillow.com+%22handyman+special%22+%2230311%22
"Atlanta, GA",GA,30311,investor special,High,Generally permitted - verify current statute,"site:zillow.com ""investor special"" ""30311""",https://www.google.com/search?q=site%3Azillow.com+%22investor+special%22+%2230311%22
"Atlanta, GA",GA,30311,as-is,High,Generally permitted - verify current statute,"site:zillow.com ""as-is"" ""30311""",https://www.google.com/search?q=site%3Azillow.com+%22as-is%22+%2230311%22
"Atlanta, GA",GA,30311,needs TLC,High,Generally permitted - verify current statute,"site:zillow.com ""needs TLC"" ""30311""",https://www.google.com/search?q=site%3Azillow.com+%22needs+TLC%22+%2230311%22
"Atlanta, GA",GA,30311,probate,High,Generally permitted - verify current statute,"site:zillow.com ""probate"" ""30311""",https://www.google.com/search?q=site%3Azillow.com+%22probate%22+%2230311%22
"Atlanta, GA",GA,30311,estate sale,Medium,Generally permitted - verify current statute,"site:zillow.com ""estate sale"" ""30311""",https://www.google.com/search?q=site%3Azillow.com+%22estate+sale%22+%2230311%22
"Atlanta, GA",GA,30311,inherited,Medium,Generally permitted - verify current statute,"site:zillow.com ""inherited"" ""30311""",https://www.google.com/search?q=site%3Azillow.com+%22inherited%22+%2230311%22
"Atlanta, GA",GA,30311,motivated seller,High,Generally permitted - verify current statute,"site:zillow.com ""motivated seller"" ""30311""",https://www.google.com/search?q=site%3Azillow.com+%22motivated+seller%22+%2230311%22
"Atlanta, GA",GA,30311,must sell,Medium,Generally permitted - verify current statute,"site:zillow.com ""must sell"" ""30311""",https://www.google.com/search?q=site%3Azillow.com+%22must+sell%22+%2230311%22
"Atlanta, GA",GA,30311,cash only,High,Generally permitted - verify current statute,"site:zillow.com ""cash only"" ""30311""",https://www.google.com/search?q=site%3Azillow.com+%22cash+only%22+%2230311%22
"Atlanta, GA",GA,30311,bring all offers,Medium,Generally permitted - verify current statute,"site:zillow.com ""bring all offers"" ""30311""",https://www.google.com/search?q=site%3Azillow.com+%22bring+all+offers%22+%2230311%22
"Atlanta, GA",GA,30311,priced to sell,Low,Generally permitted - verify current statute,"site:zillow.com ""priced to sell"" ""30311""",https://www.google.com/search?q=site%3Azillow.com+%22priced+to+sell%22+%2230311%22
"Atlanta, GA",GA,30311,tear down,Medium,Generally permitted - verify current statute,"site:zillow.com ""tear down"" ""30311""",https://www.google.com/search?q=site%3Azillow.com+%22tear+down%22+%2230311%22
"Atlanta, GA",GA,30311,needs work,Medium,Generally permitted - verify current statute,"site:zillow.com ""needs work"" ""30311""",https://www.google.com/search?q=site%3Azillow.com+%22needs+work%22+%2230311%22
"Atlanta, GA",GA,30314,fixer upper,High,Generally permitted - verify current statute,"site:zillow.com ""fixer upper"" ""30314""",https://www.google.com/search?q=site%3Azillow.com+%22fixer+upper%22+%2230314%22
"Atlanta, GA",GA,30314,handyman special,High,Generally permitted - verify current statute,"site:zillow.com ""handyman special"" ""30314""",https://www.google.com/search?q=site%3Azillow.com+%22handyman+special%22+%2230314%22
"Atlanta, GA",GA,30314,investor special,High,Generally permitted - verify current statute,"site:zillow.com ""investor special"" ""30314""",https://www.google.com/search?q=site%3Azillow.com+%22investor+special%22+%2230314%22
"Atlanta, GA",GA,30314,as-is,High,Generally permitted - verify current statute,"site:zillow.com ""as-is"" ""30314""",https://www.google.com/search?q=site%3Azillow.com+%22as-is%22+%2230314%22
"Atlanta, GA",GA,30314,needs TLC,High,Generally permitted - verify current statute,"site:zillow.com ""needs TLC"" ""30314""",https://www.google.com/search?q=site%3Azillow.com+%22needs+TLC%22+%2230314%22
"Atlanta, GA",GA,30314,probate,High,Generally permitted - verify current statute,"site:zillow.com ""probate"" ""30314""",https://www.google.com/search?q=site%3Azillow.com+%22probate%22+%2230314%22
"Atlanta, GA",GA,30314,estate sale,Medium,Generally permitted - verify current statute,"site:zillow.com ""estate sale"" ""30314""",https://www.google.com/search?q=site%3Azillow.com+%22estate+sale%22+%2230314%22
"Atlanta, GA",GA,30314,inherited,Medium,Generally permitted - verify current statute,"site:zillow.com ""inherited"" ""30314""",https://www.google.com/search?q=site%3Azillow.com+%22inherited%22+%2230314%22
"Atlanta, GA",GA,30314,motivated seller,High,Generally permitted - verify current statute,"site:zillow.com ""motivated seller"" ""30314""",https://www.google.com/search?q=site%3Azillow.com+%22motivated+seller%22+%2230314%22
"Atlanta, GA",GA,30314,must sell,Medium,Generally permitted - verify current statute,"site:zillow.com ""must sell"" ""30314""",https://www.google.com/search?q=site%3Azillow.com+%22must+sell%22+%2230314%22
"Atlanta, GA",GA,30314,cash only,High,Generally permitted - verify current statute,"site:zillow.com ""cash only"" ""30314""",https://www.google.com/search?q=site%3Azillow.com+%22cash+only%22+%2230314%22
"Atlanta, GA",GA,30314,bring all offers,Medium,Generally permitted - verify current statute,"site:zillow.com ""bring all offers"" ""30314""",https://www.google.com/search?q=site%3Azillow.com+%22bring+all+offers%22+%2230314%22
"Atlanta, GA",GA,30314,priced to sell,Low,Generally permitted - verify current statute,"site:zillow.com ""priced to sell"" ""30314""",https://www.google.com/search?q=site%3Azillow.com+%22priced+to+sell%22+%2230314%22
"Atlanta, GA",GA,30314,tear down,Medium,Generally permitted - verify current statute,"site:zillow.com ""tear down"" ""30314""",https://www.google.com/search?q=site%3Azillow.com+%22tear+down%22+%2230314%22
"Atlanta, GA",GA,30314,needs work,Medium,Generally permitted - verify current statute,"site:zillow.com ""needs work"" ""30314""",https://www.google.com/search?q=site%3Azillow.com+%22needs+work%22+%2230314%22
"Atlanta, GA",GA,30315,fixer upper,High,Generally permitted - verify current statute,"site:zillow.com ""fixer upper"" ""30315""",https://www.google.com/search?q=site%3Azillow.com+%22fixer+upper%22+%2230315%22
"Atlanta, GA",GA,30315,handyman special,High,Generally permitted - verify current statute,"site:zillow.com ""handyman special"" ""30315""",https://www.google.com/search?q=site%3Azillow.com+%22handyman+special%22+%2230315%22
"Atlanta, GA",GA,30315,investor special,High,Generally permitted - verify current statute,"site:zillow.com ""investor special"" ""30315""",https://www.google.com/search?q=site%3Azillow.com+%22investor+special%22+%2230315%22
"Atlanta, GA",GA,30315,as-is,High,Generally permitted - verify current statute,"site:zillow.com ""as-is"" ""30315""",https://www.google.com/search?q=site%3Azillow.com+%22as-is%22+%2230315%22
"Atlanta, GA",GA,30315,needs TLC,High,Generally permitted - verify current statute,"site:zillow.com ""needs TLC"" ""30315""",https://www.google.com/search?q=site%3Azillow.com+%22needs+TLC%22+%2230315%22
"Atlanta, GA",GA,30315,probate,High,Generally permitted - verify current statute,"site:zillow.com ""probate"" ""30315""",https://www.google.com/search?q=site%3Azillow.com+%22probate%22+%2230315%22
"Atlanta, GA",GA,30315,estate sale,Medium,Generally permitted - verify current statute,"site:zillow.com ""estate sale"" ""30315""",https://www.google.com/search?q=site%3Azillow.com+%22estate+sale%22+%2230315%22
"Atlanta, GA",GA,30315,inherited,Medium,Generally permitted - verify current statute,"site:zillow.com ""inherited"" ""30315""",https://www.google.com/search?q=site%3Azillow.com+%22inherited%22+%2230315%22
"Atlanta, GA",GA,30315,motivated seller,High,Generally permitted - verify current statute,"site:zillow.com ""motivated seller"" ""30315""",https://www.google.com/search?q=site%3Azillow.com+%22motivated+seller%22+%2230315%22
"Atlanta, GA",GA,30315,must sell,Medium,Generally permitted - verify current statute,"site:zillow.com ""must sell"" ""30315""",https://www.google.com/search?q=site%3Azillow.com+%22must+sell%22+%2230315%22
"Atlanta, GA",GA,30315,cash only,High,Generally permitted - verify current statute,"site:zillow.com ""cash only"" ""30315""",https://www.google.com/search?q=site%3Azillow.com+%22cash+only%22+%2230315%22
"Atlanta, GA",GA,30315,bring all offers,Medium,Generally permitted - verify current statute,"site:zillow.com ""bring all offers"" ""30315""",https://www.google.com/search?q=site%3Azillow.com+%22bring+all+offers%22+%2230315%22
"Atlanta, GA",GA,30315,priced to sell,Low,Generally permitted - verify current statute,"site:zillow.com ""priced to sell"" ""30315""",https://www.google.com/search?q=site%3Azillow.com+%22priced+to+sell%22+%2230315%22
"Atlanta, GA",GA,30315,tear down,Medium,Generally permitted - verify current statute,"site:zillow.com ""tear down"" ""30315""",https://www.google.com/search?q=site%3Azillow.com+%22tear+down%22+%2230315%22
"Atlanta, GA",GA,30315,needs work,Medium,Generally permitted - verify current statute,"site:zillow.com ""needs work"" ""30315""",https://www.google.com/search?q=site%3Azillow.com+%22needs+work%22+%2230315%22
"Atlanta, GA",GA,30318,fixer upper,High,Generally permitted - verify current statute,"site:zillow.com ""fixer upper"" ""30318""",https://www.google.com/search?q=site%3Azillow.com+%22fixer+upper%22+%2230318%22
"Atlanta, GA",GA,30318,handyman special,High,Generally permitted - verify current statute,"site:zillow.com ""handyman special"" ""30318""",https://www.google.com/search?q=site%3Azillow.com+%22handyman+special%22+%2230318%22
"Atlanta, GA",GA,30318,investor special,High,Generally permitted - verify current statute,"site:zillow.com ""investor special"" ""30318""",https://www.google.com/search?q=site%3Azillow.com+%22investor+special%22+%2230318%22
"Atlanta, GA",GA,30318,as-is,High,Generally permitted - verify current statute,"site:zillow.com ""as-is"" ""30318""",https://www.google.com/search?q=site%3Azillow.com+%22as-is%22+%2230318%22
"Atlanta, GA",GA,30318,needs TLC,High,Generally permitted - verify current statute,"site:zillow.com ""needs TLC"" ""30318""",https://www.google.com/search?q=site%3Azillow.com+%22needs+TLC%22+%2230318%22
"Atlanta, GA",GA,30318,probate,High,Generally permitted - verify current statute,"site:zillow.com ""probate"" ""30318""",https://www.google.com/search?q=site%3Azillow.com+%22probate%22+%2230318%22
"Atlanta, GA",GA,30318,estate sale,Medium,Generally permitted - verify current statute,"site:zillow.com ""estate sale"" ""30318""",https://www.google.com/search?q=site%3Azillow.com+%22estate+sale%22+%2230318%22
"Atlanta, GA",GA,30318,inherited,Medium,Generally permitted - verify current statute,"site:zillow.com ""inherited"" ""30318""",https://www.google.com/search?q=site%3Azillow.com+%22inherited%22+%2230318%22
"Atlanta, GA",GA,30318,motivated seller,High,Generally permitted - verify current statute,"site:zillow.com ""motivated seller"" ""30318""",https://www.google.com/search?q=site%3Azillow.com+%22motivated+seller%22+%2230318%22
"Atlanta, GA",GA,30318,must sell,Medium,Generally permitted - verify current statute,"site:zillow.com ""must sell"" ""30318""",https://www.google.com/search?q=site%3Azillow.com+%22must+sell%22+%2230318%22
"Atlanta, GA",GA,30318,cash only,High,Generally permitted - verify current statute,"site:zillow.com ""cash only"" ""30318""",https://www.google.com/search?q=site%3Azillow.com+%22cash+only%22+%2230318%22
"Atlanta, GA",GA,30318,bring all offers,Medium,Generally permitted - verify current statute,"site:zillow.com ""bring all offers"" ""30318""",https://www.google.com/search?q=site%3Azillow.com+%22bring+all+offers%22+%2230318%22
"Atlanta, GA",GA,30318,priced to sell,Low,Generally permitted - verify current statute,"site:zillow.com ""priced to sell"" ""30318""",https://www.google.com/search?q=site%3Azillow.com+%22priced+to+sell%22+%2230318%22
"Atlanta, GA",GA,30318,tear down,Medium,Generally permitted - verify current statute,"site:zillow.com ""tear down"" ""30318""",https://www.google.com/search?q=site%3Azillow.com+%22tear+down%22+%2230318%22
"Atlanta, GA",GA,30318,needs work,Medium,Generally permitted - verify current statute,"site:zillow.com ""needs work"" ""30318""",https://www.google.com/search?q=site%3Azillow.com+%22needs+work%22+%2230318%22
"Atlanta, GA",GA,30344,fixer upper,High,Generally permitted - verify current statute,"site:zillow.com ""fixer upper"" ""30344""",https://www.google.com/search?q=site%3Azillow.com+%22fixer+upper%22+%2230344%22
"Atlanta, GA",GA,30344,handyman special,High,Generally permitted - verify current statute,"site:zillow.com ""handyman special"" ""30344""",https://www.google.com/search?q=site%3Azillow.com+%22handyman+special%22+%2230344%22
"Atlanta, GA",GA,30344,investor special,High,Generally permitted - verify current statute,"site:zillow.com ""investor special"" ""30344""",https://www.google.com/search?q=site%3Azillow.com+%22investor+special%22+%2230344%22
"Atlanta, GA",GA,30344,as-is,High,Generally permitted - verify current statute,"site:zillow.com ""as-is"" ""30344""",https://www.google.com/search?q=site%3Azillow.com+%22as-is%22+%2230344%22
"Atlanta, GA",GA,30344,needs TLC,High,Generally permitted - verify current statute,"site:zillow.com ""needs TLC"" ""30344""",https://www.google.com/search?q=site%3Azillow.com+%22needs+TLC%22+%2230344%22
"Atlanta, GA",GA,30344,probate,High,Generally permitted - verify current statute,"site:zillow.com ""probate"" ""30344""",https://www.google.com/search?q=site%3Azillow.com+%22probate%22+%2230344%22
"Atlanta, GA",GA,30344,estate sale,Medium,Generally permitted - verify current statute,"site:zillow.com ""estate sale"" ""30344""",https://www.google.com/search?q=site%3Azillow.com+%22estate+sale%22+%2230344%22
"Atlanta, GA",GA,30344,inherited,Medium,Generally permitted - verify current statute,"site:zillow.com ""inherited"" ""30344""",https://www.google.com/search?q=site%3Azillow.com+%22inherited%22+%2230344%22
"Atlanta, GA",GA,30344,motivated seller,High,Generally permitted - verify current statute,"site:zillow.com ""motivated seller"" ""30344""",https://www.google.com/search?q=site%3Azillow.com+%22motivated+seller%22+%2230344%22
"Atlanta, GA",GA,30344,must sell,Medium,Generally permitted - verify current statute,"site:zillow.com ""must sell"" ""30344""",https://www.google.com/search?q=site%3Azillow.com+%22must+sell%22+%2230344%22
"Atlanta, GA",GA,30344,cash only,High,Generally permitted - verify current statute,"site:zillow.com ""cash only"" ""30344""",https://www.google.com/search?q=site%3Azillow.com+%22cash+only%22+%2230344%22
"Atlanta, GA",GA,30344,bring all offers,Medium,Generally permitted - verify current statute,"site:zillow.com ""bring all offers"" ""30344""",https://www.google.com/search?q=site%3Azillow.com+%22bring+all+offers%22+%2230344%22
"Atlanta, GA",GA,30344,priced to sell,Low,Generally permitted - verify current statute,"site:zillow.com ""priced to sell"" ""30344""",https://www.google.com/search?q=site%3Azillow.com+%22priced+to+sell%22+%2230344%22
"Atlanta, GA",GA,30344,tear down,Medium,Generally permitted - verify current statute,"site:zillow.com ""tear down"" ""30344""",https://www.google.com/search?q=site%3Azillow.com+%22tear+down%22+%2230344%22
"Atlanta, GA",GA,30344,needs work,Medium,Generally permitted - verify current statute,"site:zillow.com ""needs work"" ""30344""",https://www.google.com/search?q=site%3Azillow.com+%22needs+work%22+%2230344%22
"Memphis, TN",TN,"Memphis, TN",fixer upper,High,Generally permitted - verify current statute,"site:zillow.com ""fixer upper"" ""Memphis, TN""",https://www.google.com/search?q=site%3Azillow.com+%22fixer+upper%22+%22Memphis%2C+TN%22
"Memphis, TN",TN,"Memphis, TN",handyman special,High,Generally permitted - verify current statute,"site:zillow.com ""handyman special"" ""Memphis, TN""",https://www.google.com/search?q=site%3Azillow.com+%22handyman+special%22+%22Memphis%2C+TN%22
"Memphis, TN",TN,"Memphis, TN",investor special,High,Generally permitted - verify current statute,"site:zillow.com ""investor special"" ""Memphis, TN""",https://www.google.com/search?q=site%3Azillow.com+%22investor+special%22+%22Memphis%2C+TN%22
"Memphis, TN",TN,"Memphis, TN",as-is,High,Generally permitted - verify current statute,"site:zillow.com ""as-is"" ""Memphis, TN""",https://www.google.com/search?q=site%3Azillow.com+%22as-is%22+%22Memphis%2C+TN%22
"Memphis, TN",TN,"Memphis, TN",needs TLC,High,Generally permitted - verify current statute,"site:zillow.com ""needs TLC"" ""Memphis, TN""",https://www.google.com/search?q=site%3Azillow.com+%22needs+TLC%22+%22Memphis%2C+TN%22
"Memphis, TN",TN,"Memphis, TN",probate,High,Generally permitted - verify current statute,"site:zillow.com ""probate"" ""Memphis, TN""",https://www.google.com/search?q=site%3Azillow.com+%22probate%22+%22Memphis%2C+TN%22
"Memphis, TN",TN,"Memphis, TN",estate sale,Medium,Generally permitted - verify current statute,"site:zillow.com ""estate sale"" ""Memphis, TN""",https://www.google.com/search?q=site%3Azillow.com+%22estate+sale%22+%22Memphis%2C+TN%22
"Memphis, TN",TN,"Memphis, TN",inherited,Medium,Generally permitted - verify current statute,"site:zillow.com ""inherited"" ""Memphis, TN""",https://www.google.com/search?q=site%3Azillow.com+%22inherited%22+%22Memphis%2C+TN%22
"Memphis, TN",TN,"Memphis, TN",motivated seller,High,Generally permitted - verify current statute,"site:zillow.com ""motivated seller"" ""Memphis, TN""",https://www.google.com/search?q=site%3Azillow.com+%22motivated+seller%22+%22Memphis%2C+TN%22
"Memphis, TN",TN,"Memphis, TN",must sell,Medium,Generally permitted - verify current statute,"site:zillow.com ""must sell"" ""Memphis, TN""",https://www.google.com/search?q=site%3Azillow.com+%22must+sell%22+%22Memphis%2C+TN%22
"Memphis, TN",TN,"Memphis, TN",cash only,High,Generally permitted - verify current statute,"site:zillow.com ""cash only"" ""Memphis, TN""",https://www.google.com/search?q=site%3Azillow.com+%22cash+only%22+%22Memphis%2C+TN%22
"Memphis, TN",TN,"Memphis, TN",bring all offers,Medium,Generally permitted - verify current statute,"site:zillow.com ""bring all offers"" ""Memphis, TN""",https://www.google.com/search?q=site%3Azillow.com+%22bring+all+offers%22+%22Memphis%2C+TN%22
"Memphis, TN",TN,"Memphis, TN",priced to sell,Low,Generally permitted - verify current statute,"site:zillow.com ""priced to sell"" ""Memphis, TN""",https://www.google.com/search?q=site%3Azillow.com+%22priced+to+sell%22+%22Memphis%2C+TN%22
"Memphis, TN",TN,"Memphis, TN",tear down,Medium,Generally permitted - verify current statute,"site:zillow.com ""tear down"" ""Memphis, TN""",https://www.google.com/search?q=site%3Azillow.com+%22tear+down%22+%22Memphis%2C+TN%22
"Memphis, TN",TN,"Memphis, TN",needs work,Medium,Generally permitted - verify current statute,"site:zillow.com ""needs work"" ""Memphis, TN""",https://www.google.com/search?q=site%3Azillow.com+%22needs+work%22+%22Memphis%2C+TN%22
"Memphis, TN",TN,38106,fixer upper,High,Generally permitted - verify current statute,"site:zillow.com ""fixer upper"" ""38106""",https://www.google.com/search?q=site%3Azillow.com+%22fixer+upper%22+%2238106%22
"Memphis, TN",TN,38106,handyman special,High,Generally permitted - verify current statute,"site:zillow.com ""handyman special"" ""38106""",https://www.google.com/search?q=site%3Azillow.com+%22handyman+special%22+%2238106%22
"Memphis, TN",TN,38106,investor special,High,Generally permitted - verify current statute,"site:zillow.com ""investor special"" ""38106""",https://www.google.com/search?q=site%3Azillow.com+%22investor+special%22+%2238106%22
"Memphis, TN",TN,38106,as-is,High,Generally permitted - verify current statute,"site:zillow.com ""as-is"" ""38106""",https://www.google.com/search?q=site%3Azillow.com+%22as-is%22+%2238106%22
"Memphis, TN",TN,38106,needs TLC,High,Generally permitted - verify current statute,"site:zillow.com ""needs TLC"" ""38106""",https://www.google.com/search?q=site%3Azillow.com+%22needs+TLC%22+%2238106%22
"Memphis, TN",TN,38106,probate,High,Generally permitted - verify current statute,"site:zillow.com ""probate"" ""38106""",https://www.google.com/search?q=site%3Azillow.com+%22probate%22+%2238106%22
"Memphis, TN",TN,38106,estate sale,Medium,Generally permitted - verify current statute,"site:zillow.com ""estate sale"" ""38106""",https://www.google.com/search?q=site%3Azillow.com+%22estate+sale%22+%2238106%22
"Memphis, TN",TN,38106,inherited,Medium,Generally permitted - verify current statute,"site:zillow.com ""inherited"" ""38106""",https://www.google.com/search?q=site%3Azillow.com+%22inherited%22+%2238106%22
"Memphis, TN",TN,38106,motivated seller,High,Generally permitted - verify current statute,"site:zillow.com ""motivated seller"" ""38106""",https://www.google.com/search?q=site%3Azillow.com+%22motivated+seller%22+%2238106%22
"Memphis, TN",TN,38106,must sell,Medium,Generally permitted - verify current statute,"site:zillow.com ""must sell"" ""38106""",https://www.google.com/search?q=site%3Azillow.com+%22must+sell%22+%2238106%22
"Memphis, TN",TN,38106,cash only,High,Generally permitted - verify current statute,"site:zillow.com ""cash only"" ""38106""",https://www.google.com/search?q=site%3Azillow.com+%22cash+only%22+%2238106%22
"Memphis, TN",TN,38106,bring all offers,Medium,Generally permitted - verify current statute,"site:zillow.com ""bring all offers"" ""38106""",https://www.google.com/search?q=site%3Azillow.com+%22bring+all+offers%22+%2238106%22
"Memphis, TN",TN,38106,priced to sell,Low,Generally permitted - verify current statute,"site:zillow.com ""priced to sell"" ""38106""",https://www.google.com/search?q=site%3Azillow.com+%22priced+to+sell%22+%2238106%22
"Memphis, TN",TN,38106,tear down,Medium,Generally permitted - verify current statute,"site:zillow.com ""tear down"" ""38106""",https://www.google.com/search?q=site%3Azillow.com+%22tear+down%22+%2238106%22
"Memphis, TN",TN,38106,needs work,Medium,Generally permitted - verify current statute,"site:zillow.com ""needs work"" ""38106""",https://www.google.com/search?q=site%3Azillow.com+%22needs+work%22+%2238106%22
"Memphis, TN",TN,38107,fixer upper,High,Generally permitted - verify current statute,"site:zillow.com ""fixer upper"" ""38107""",https://www.google.com/search?q=site%3Azillow.com+%22fixer+upper%22+%2238107%22
"Memphis, TN",TN,38107,handyman special,High,Generally permitted - verify current statute,"site:zillow.com ""handyman special"" ""38107""",https://www.google.com/search?q=site%3Azillow.com+%22handyman+special%22+%2238107%22
"Memphis, TN",TN,38107,investor special,High,Generally permitted - verify current statute,"site:zillow.com ""investor special"" ""38107""",https://www.google.com/search?q=site%3Azillow.com+%22investor+special%22+%2238107%22
"Memphis, TN",TN,38107,as-is,High,Generally permitted - verify current statute,"site:zillow.com ""as-is"" ""38107""",https://www.google.com/search?q=site%3Azillow.com+%22as-is%22+%2238107%22
"Memphis, TN",TN,38107,needs TLC,High,Generally permitted - verify current statute,"site:zillow.com ""needs TLC"" ""38107""",https://www.google.com/search?q=site%3Azillow.com+%22needs+TLC%22+%2238107%22
"Memphis, TN",TN,38107,probate,High,Generally permitted - verify current statute,"site:zillow.com ""probate"" ""38107""",https://www.google.com/search?q=site%3Azillow.com+%22probate%22+%2238107%22
"Memphis, TN",TN,38107,estate sale,Medium,Generally permitted - verify current statute,"site:zillow.com ""estate sale"" ""38107""",https://www.google.com/search?q=site%3Azillow.com+%22estate+sale%22+%2238107%22
"Memphis, TN",TN,38107,inherited,Medium,Generally permitted - verify current statute,"site:zillow.com ""inherited"" ""38107""",https://www.google.com/search?q=site%3Azillow.com+%22inherited%22+%2238107%22
"Memphis, TN",TN,38107,motivated seller,High,Generally permitted - verify current statute,"site:zillow.com ""motivated seller"" ""38107""",https://www.google.com/search?q=site%3Azillow.com+%22motivated+seller%22+%2238107%22
"Memphis, TN",TN,38107,must sell,Medium,Generally permitted - verify current statute,"site:zillow.com ""must sell"" ""38107""",https://www.google.com/search?q=site%3Azillow.com+%22must+sell%22+%2238107%22
"Memphis, TN",TN,38107,cash only,High,Generally permitted - verify current statute,"site:zillow.com ""cash only"" ""38107""",https://www.google.com/search?q=site%3Azillow.com+%22cash+only%22+%2238107%22
"Memphis, TN",TN,38107,bring all offers,Medium,Generally permitted - verify current statute,"site:zillow.com ""bring all offers"" ""38107""",https://www.google.com/search?q=site%3Azillow.com+%22bring+all+offers%22+%2238107%22
"Memphis, TN",TN,38107,priced to sell,Low,Generally permitted - verify current statute,"site:zillow.com ""priced to sell"" ""38107""",https://www.google.com/search?q=site%3Azillow.com+%22priced+to+sell%22+%2238107%22
"Memphis, TN",TN,38107,tear down,Medium,Generally permitted - verify current statute,"site:zillow.com ""tear down"" ""38107""",https://www.google.com/search?q=site%3Azillow.com+%22tear+down%22+%2238107%22
"Memphis, TN",TN,38107,needs work,Medium,Generally permitted - verify current statute,"site:zillow.com ""needs work"" ""38107""",https://www.google.com/search?q=site%3Azillow.com+%22needs+work%22+%2238107%22
"Memphis, TN",TN,38108,fixer upper,High,Generally permitted - verify current statute,"site:zillow.com ""fixer upper"" ""38108""",https://www.google.com/search?q=site%3Azillow.com+%22fixer+upper%22+%2238108%22
"Memphis, TN",TN,38108,handyman special,High,Generally permitted - verify current statute,"site:zillow.com ""handyman special"" ""38108""",https://www.google.com/search?q=site%3Azillow.com+%22handyman+special%22+%2238108%22
"Memphis, TN",TN,38108,investor special,High,Generally permitted - verify current statute,"site:zillow.com ""investor special"" ""38108""",https://www.google.com/search?q=site%3Azillow.com+%22investor+special%22+%2238108%22
"Memphis, TN",TN,38108,as-is,High,Generally permitted - verify current statute,"site:zillow.com ""as-is"" ""38108""",https://www.google.com/search?q=site%3Azillow.com+%22as-is%22+%2238108%22
"Memphis, TN",TN,38108,needs TLC,High,Generally permitted - verify current statute,"site:zillow.com ""needs TLC"" ""38108""",https://www.google.com/search?q=site%3Azillow.com+%22needs+TLC%22+%2238108%22
"Memphis, TN",TN,38108,probate,High,Generally permitted - verify current statute,"site:zillow.com ""probate"" ""38108""",https://www.google.com/search?q=site%3Azillow.com+%22probate%22+%2238108%22
"Memphis, TN",TN,38108,estate sale,Medium,Generally permitted - verify current statute,"site:zillow.com ""estate sale"" ""38108""",https://www.google.com/search?q=site%3Azillow.com+%22estate+sale%22+%2238108%22
"Memphis, TN",TN,38108,inherited,Medium,Generally permitted - verify current statute,"site:zillow.com ""inherited"" ""38108""",https://www.google.com/search?q=site%3Azillow.com+%22inherited%22+%2238108%22
"Memphis, TN",TN,38108,motivated seller,High,Generally permitted - verify current statute,"site:zillow.com ""motivated seller"" ""38108""",https://www.google.com/search?q=site%3Azillow.com+%22motivated+seller%22+%2238108%22
"Memphis, TN",TN,38108,must sell,Medium,Generally permitted - verify current statute,"site:zillow.com ""must sell"" ""38108""",https://www.google.com/search?q=site%3Azillow.com+%22must+sell%22+%2238108%22
"Memphis, TN",TN,38108,cash only,High,Generally permitted - verify current statute,"site:zillow.com ""cash only"" ""38108""",https://www.google.com/search?q=site%3Azillow.com+%22cash+only%22+%2238108%22
"Memphis, TN",TN,38108,bring all offers,Medium,Generally permitted - verify current statute,"site:zillow.com ""bring all offers"" ""38108""",https://www.google.com/search?q=site%3Azillow.com+%22bring+all+offers%22+%2238108%22
"Memphis, TN",TN,38108,priced to sell,Low,Generally permitted - verify current statute,"site:zillow.com ""priced to sell"" ""38108""",https://www.google.com/search?q=site%3Azillow.com+%22priced+to+sell%22+%2238108%22
"Memphis, TN",TN,38108,tear down,Medium,Generally permitted - verify current statute,"site:zillow.com ""tear down"" ""38108""",https://www.google.com/search?q=site%3Azillow.com+%22tear+down%22+%2238108%22
"Memphis, TN",TN,38108,needs work,Medium,Generally permitted - verify current statute,"site:zillow.com ""needs work"" ""38108""",https://www.google.com/search?q=site%3Azillow.com+%22needs+work%22+%2238108%22
"Memphis, TN",TN,38109,fixer upper,High,Generally permitted - verify current statute,"site:zillow.com ""fixer upper"" ""38109""",https://www.google.com/search?q=site%3Azillow.com+%22fixer+upper%22+%2238109%22
"Memphis, TN",TN,38109,handyman special,High,Generally permitted - verify current statute,"site:zillow.com ""handyman special"" ""38109""",https://www.google.com/search?q=site%3Azillow.com+%22handyman+special%22+%2238109%22
"Memphis, TN",TN,38109,investor special,High,Generally permitted - verify current statute,"site:zillow.com ""investor special"" ""38109""",https://www.google.com/search?q=site%3Azillow.com+%22investor+special%22+%2238109%22
"Memphis, TN",TN,38109,as-is,High,Generally permitted - verify current statute,"site:zillow.com ""as-is"" ""38109""",https://www.google.com/search?q=site%3Azillow.com+%22as-is%22+%2238109%22
"Memphis, TN",TN,38109,needs TLC,High,Generally permitted - verify current statute,"site:zillow.com ""needs TLC"" ""38109""",https://www.google.com/search?q=site%3Azillow.com+%22needs+TLC%22+%2238109%22
"Memphis, TN",TN,38109,probate,High,Generally permitted - verify current statute,"site:zillow.com ""probate"" ""38109""",https://www.google.com/search?q=site%3Azillow.com+%22probate%22+%2238109%22
"Memphis, TN",TN,38109,estate sale,Medium,Generally permitted - verify current statute,"site:zillow.com ""estate sale"" ""38109""",https://www.google.com/search?q=site%3Azillow.com+%22estate+sale%22+%2238109%22
"Memphis, TN",TN,38109,inherited,Medium,Generally permitted - verify current statute,"site:zillow.com ""inherited"" ""38109""",https://www.google.com/search?q=site%3Azillow.com+%22inherited%22+%2238109%22
"Memphis, TN",TN,38109,motivated seller,High,Generally permitted - verify current statute,"site:zillow.com ""motivated seller"" ""38109""",https://www.google.com/search?q=site%3Azillow.com+%22motivated+seller%22+%2238109%22
"Memphis, TN",TN,38109,must sell,Medium,Generally permitted - verify current statute,"site:zillow.com ""must sell"" ""38109""",https://www.google.com/search?q=site%3Azillow.com+%22must+sell%22+%2238109%22
"Memphis, TN",TN,38109,cash only,High,Generally permitted - verify current statute,"site:zillow.com ""cash only"" ""38109""",https://www.google.com/search?q=site%3Azillow.com+%22cash+only%22+%2238109%22
"Memphis, TN",TN,38109,bring all offers,Medium,Generally permitted - verify current statute,"site:zillow.com ""bring all offers"" ""38109""",https://www.google.com/search?q=site%3Azillow.com+%22bring+all+offers%22+%2238109%22
"Memphis, TN",TN,38109,priced to sell,Low,Generally permitted - verify current statute,"site:zillow.com ""priced to sell"" ""38109""",https://www.google.com/search?q=site%3Azillow.com+%22priced+to+sell%22+%2238109%22
"Memphis, TN",TN,38109,tear down,Medium,Generally permitted - verify current statute,"site:zillow.com ""tear down"" ""38109""",https://www.google.com/search?q=site%3Azillow.com+%22tear+down%22+%2238109%22
"Memphis, TN",TN,38109,needs work,Medium,Generally permitted - verify current statute,"site:zillow.com ""needs work"" ""38109""",https://www.google.com/search?q=site%3Azillow.com+%22needs+work%22+%2238109%22
"Memphis, TN",TN,38111,fixer upper,High,Generally permitted - verify current statute,"site:zillow.com ""fixer upper"" ""38111""",https://www.google.com/search?q=site%3Azillow.com+%22fixer+upper%22+%2238111%22
"Memphis, TN",TN,38111,handyman special,High,Generally permitted - verify current statute,"site:zillow.com ""handyman special"" ""38111""",https://www.google.com/search?q=site%3Azillow.com+%22handyman+special%22+%2238111%22
"Memphis, TN",TN,38111,investor special,High,Generally permitted - verify current statute,"site:zillow.com ""investor special"" ""38111""",https://www.google.com/search?q=site%3Azillow.com+%22investor+special%22+%2238111%22
"Memphis, TN",TN,38111,as-is,High,Generally permitted - verify current statute,"site:zillow.com ""as-is"" ""38111""",https://www.google.com/search?q=site%3Azillow.com+%22as-is%22+%2238111%22
"Memphis, TN",TN,38111,needs TLC,High,Generally permitted - verify current statute,"site:zillow.com ""needs TLC"" ""38111""",https://www.google.com/search?q=site%3Azillow.com+%22needs+TLC%22+%2238111%22
"Memphis, TN",TN,38111,probate,High,Generally permitted - verify current statute,"site:zillow.com ""probate"" ""38111""",https://www.google.com/search?q=site%3Azillow.com+%22probate%22+%2238111%22
"Memphis, TN",TN,38111,estate sale,Medium,Generally permitted - verify current statute,"site:zillow.com ""estate sale"" ""38111""",https://www.google.com/search?q=site%3Azillow.com+%22estate+sale%22+%2238111%22
"Memphis, TN",TN,38111,inherited,Medium,Generally permitted - verify current statute,"site:zillow.com ""inherited"" ""38111""",https://www.google.com/search?q=site%3Azillow.com+%22inherited%22+%2238111%22
"Memphis, TN",TN,38111,motivated seller,High,Generally permitted - verify current statute,"site:zillow.com ""motivated seller"" ""38111""",https://www.google.com/search?q=site%3Azillow.com+%22motivated+seller%22+%2238111%22
"Memphis, TN",TN,38111,must sell,Medium,Generally permitted - verify current statute,"site:zillow.com ""must sell"" ""38111""",https://www.google.com/search?q=site%3Azillow.com+%22must+sell%22+%2238111%22
"Memphis, TN",TN,38111,cash only,High,Generally permitted - verify current statute,"site:zillow.com ""cash only"" ""38111""",https://www.google.com/search?q=site%3Azillow.com+%22cash+only%22+%2238111%22
"Memphis, TN",TN,38111,bring all offers,Medium,Generally permitted - verify current statute,"site:zillow.com ""bring all offers"" ""38111""",https://www.google.com/search?q=site%3Azillow.com+%22bring+all+offers%22+%2238111%22
"Memphis, TN",TN,38111,priced to sell,Low,Generally permitted - verify current statute,"site:zillow.com ""priced to sell"" ""38111""",https://www.google.com/search?q=site%3Azillow.com+%22priced+to+sell%22+%2238111%22
"Memphis, TN",TN,38111,tear down,Medium,Generally permitted - verify current statute,"site:zillow.com ""tear down"" ""38111""",https://www.google.com/search?q=site%3Azillow.com+%22tear+down%22+%2238111%22
"Memphis, TN",TN,38111,needs work,Medium,Generally permitted - verify current statute,"site:zillow.com ""needs work"" ""38111""",https://www.google.com/search?q=site%3Azillow.com+%22needs+work%22+%2238111%22
"Memphis, TN",TN,38114,fixer upper,High,Generally permitted - verify current statute,"site:zillow.com ""fixer upper"" ""38114""",https://www.google.com/search?q=site%3Azillow.com+%22fixer+upper%22+%2238114%22
"Memphis, TN",TN,38114,handyman special,High,Generally permitted - verify current statute,"site:zillow.com ""handyman special"" ""38114""",https://www.google.com/search?q=site%3Azillow.com+%22handyman+special%22+%2238114%22
"Memphis, TN",TN,38114,investor special,High,Generally permitted - verify current statute,"site:zillow.com ""investor special"" ""38114""",https://www.google.com/search?q=site%3Azillow.com+%22investor+special%22+%2238114%22
"Memphis, TN",TN,38114,as-is,High,Generally permitted - verify current statute,"site:zillow.com ""as-is"" ""38114""",https://www.google.com/search?q=site%3Azillow.com+%22as-is%22+%2238114%22
"Memphis, TN",TN,38114,needs TLC,High,Generally permitted - verify current statute,"site:zillow.com ""needs TLC"" ""38114""",https://www.google.com/search?q=site%3Azillow.com+%22needs+TLC%22+%2238114%22
"Memphis, TN",TN,38114,probate,High,Generally permitted - verify current statute,"site:zillow.com ""probate"" ""38114""",https://www.google.com/search?q=site%3Azillow.com+%22probate%22+%2238114%22
"Memphis, TN",TN,38114,estate sale,Medium,Generally permitted - verify current statute,"site:zillow.com ""estate sale"" ""38114""",https://www.google.com/search?q=site%3Azillow.com+%22estate+sale%22+%2238114%22
"Memphis, TN",TN,38114,inherited,Medium,Generally permitted - verify current statute,"site:zillow.com ""inherited"" ""38114""",https://www.google.com/search?q=site%3Azillow.com+%22inherited%22+%2238114%22
"Memphis, TN",TN,38114,motivated seller,High,Generally permitted - verify current statute,"site:zillow.com ""motivated seller"" ""38114""",https://www.google.com/search?q=site%3Azillow.com+%22motivated+seller%22+%2238114%22
"Memphis, TN",TN,38114,must sell,Medium,Generally permitted - verify current statute,"site:zillow.com ""must sell"" ""38114""",https://www.google.com/search?q=site%3Azillow.com+%22must+sell%22+%2238114%22
"Memphis, TN",TN,38114,cash only,High,Generally permitted - verify current statute,"site:zillow.com ""cash only"" ""38114""",https://www.google.com/search?q=site%3Azillow.com+%22cash+only%22+%2238114%22
"Memphis, TN",TN,38114,bring all offers,Medium,Generally permitted - verify current statute,"site:zillow.com ""bring all offers"" ""38114""",https://www.google.com/search?q=site%3Azillow.com+%22bring+all+offers%22+%2238114%22
"Memphis, TN",TN,38114,priced to sell,Low,Generally permitted - verify current statute,"site:zillow.com ""priced to sell"" ""38114""",https://www.google.com/search?q=site%3Azillow.com+%22priced+to+sell%22+%2238114%22
"Memphis, TN",TN,38114,tear down,Medium,Generally permitted - verify current statute,"site:zillow.com ""tear down"" ""38114""",https://www.google.com/search?q=site%3Azillow.com+%22tear+down%22+%2238114%22
"Memphis, TN",TN,38114,needs work,Medium,Generally permitted - verify current statute,"site:zillow.com ""needs work"" ""38114""",https://www.google.com/search?q=site%3Azillow.com+%22needs+work%22+%2238114%22
"Memphis, TN",TN,38127,fixer upper,High,Generally permitted - verify current statute,"site:zillow.com ""fixer upper"" ""38127""",https://www.google.com/search?q=site%3Azillow.com+%22fixer+upper%22+%2238127%22
"Memphis, TN",TN,38127,handyman special,High,Generally permitted - verify current statute,"site:zillow.com ""handyman special"" ""38127""",https://www.google.com/search?q=site%3Azillow.com+%22handyman+special%22+%2238127%22
"Memphis, TN",TN,38127,investor special,High,Generally permitted - verify current statute,"site:zillow.com ""investor special"" ""38127""",https://www.google.com/search?q=site%3Azillow.com+%22investor+special%22+%2238127%22
"Memphis, TN",TN,38127,as-is,High,Generally permitted - verify current statute,"site:zillow.com ""as-is"" ""38127""",https://www.google.com/search?q=site%3Azillow.com+%22as-is%22+%2238127%22
"Memphis, TN",TN,38127,needs TLC,High,Generally permitted - verify current statute,"site:zillow.com ""needs TLC"" ""38127""",https://www.google.com/search?q=site%3Azillow.com+%22needs+TLC%22+%2238127%22
"Memphis, TN",TN,38127,probate,High,Generally permitted - verify current statute,"site:zillow.com ""probate"" ""38127""",https://www.google.com/search?q=site%3Azillow.com+%22probate%22+%2238127%22
"Memphis, TN",TN,38127,estate sale,Medium,Generally permitted - verify current statute,"site:zillow.com ""estate sale"" ""38127""",https://www.google.com/search?q=site%3Azillow.com+%22estate+sale%22+%2238127%22
"Memphis, TN",TN,38127,inherited,Medium,Generally permitted - verify current statute,"site:zillow.com ""inherited"" ""38127""",https://www.google.com/search?q=site%3Azillow.com+%22inherited%22+%2238127%22
"Memphis, TN",TN,38127,motivated seller,High,Generally permitted - verify current statute,"site:zillow.com ""motivated seller"" ""38127""",https://www.google.com/search?q=site%3Azillow.com+%22motivated+seller%22+%2238127%22
"Memphis, TN",TN,38127,must sell,Medium,Generally permitted - verify current statute,"site:zillow.com ""must sell"" ""38127""",https://www.google.com/search?q=site%3Azillow.com+%22must+sell%22+%2238127%22
"Memphis, TN",TN,38127,cash only,High,Generally permitted - verify current statute,"site:zillow.com ""cash only"" ""38127""",https://www.google.com/search?q=site%3Azillow.com+%22cash+only%22+%2238127%22
"Memphis, TN",TN,38127,bring all offers,Medium,Generally permitted - verify current statute,"site:zillow.com ""bring all offers"" ""38127""",https://www.google.com/search?q=site%3Azillow.com+%22bring+all+offers%22+%2238127%22
"Memphis, TN",TN,38127,priced to sell,Low,Generally permitted - verify current statute,"site:zillow.com ""priced to sell"" ""38127""",https://www.google.com/search?q=site%3Azillow.com+%22priced+to+sell%22+%2238127%22
"Memphis, TN",TN,38127,tear down,Medium,Generally permitted - verify current statute,"site:zillow.com ""tear down"" ""38127""",https://www.google.com/search?q=site%3Azillow.com+%22tear+down%22+%2238127%22
"Memphis, TN",TN,38127,needs work,Medium,Generally permitted - verify current statute,"site:zillow.com ""needs work"" ""38127""",https://www.google.com/search?q=site%3Azillow.com+%22needs+work%22+%2238127%22
"St. Louis, MO",MO,"St. Louis, MO",fixer upper,High,Generally permitted - verify current statute,"site:zillow.com ""fixer upper"" ""St. Louis, MO""",https://www.google.com/search?q=site%3Azillow.com+%22fixer+upper%22+%22St.+Louis%2C+MO%22
"St. Louis, MO",MO,"St. Louis, MO",handyman special,High,Generally permitted - verify current statute,"site:zillow.com ""handyman special"" ""St. Louis, MO""",https://www.google.com/search?q=site%3Azillow.com+%22handyman+special%22+%22St.+Louis%2C+MO%22
"St. Louis, MO",MO,"St. Louis, MO",investor special,High,Generally permitted - verify current statute,"site:zillow.com ""investor special"" ""St. Louis, MO""",https://www.google.com/search?q=site%3Azillow.com+%22investor+special%22+%22St.+Louis%2C+MO%22
"St. Louis, MO",MO,"St. Louis, MO",as-is,High,Generally permitted - verify current statute,"site:zillow.com ""as-is"" ""St. Louis, MO""",https://www.google.com/search?q=site%3Azillow.com+%22as-is%22+%22St.+Louis%2C+MO%22
"St. Louis, MO",MO,"St. Louis, MO",needs TLC,High,Generally permitted - verify current statute,"site:zillow.com ""needs TLC"" ""St. Louis, MO""",https://www.google.com/search?q=site%3Azillow.com+%22needs+TLC%22+%22St.+Louis%2C+MO%22
"St. Louis, MO",MO,"St. Louis, MO",probate,High,Generally permitted - verify current statute,"site:zillow.com ""probate"" ""St. Louis, MO""",https://www.google.com/search?q=site%3Azillow.com+%22probate%22+%22St.+Louis%2C+MO%22
"St. Louis, MO",MO,"St. Louis, MO",estate sale,Medium,Generally permitted - verify current statute,"site:zillow.com ""estate sale"" ""St. Louis, MO""",https://www.google.com/search?q=site%3Azillow.com+%22estate+sale%22+%22St.+Louis%2C+MO%22
"St. Louis, MO",MO,"St. Louis, MO",inherited,Medium,Generally permitted - verify current statute,"site:zillow.com ""inherited"" ""St. Louis, MO""",https://www.google.com/search?q=site%3Azillow.com+%22inherited%22+%22St.+Louis%2C+MO%22
"St. Louis, MO",MO,"St. Louis, MO",motivated seller,High,Generally permitted - verify current statute,"site:zillow.com ""motivated seller"" ""St. Louis, MO""",https://www.google.com/search?q=site%3Azillow.com+%22motivated+seller%22+%22St.+Louis%2C+MO%22
"St. Louis, MO",MO,"St. Louis, MO",must sell,Medium,Generally permitted - verify current statute,"site:zillow.com ""must sell"" ""St. Louis, MO""",https://www.google.com/search?q=site%3Azillow.com+%22must+sell%22+%22St.+Louis%2C+MO%22
"St. Louis, MO",MO,"St. Louis, MO",cash only,High,Generally permitted - verify current statute,"site:zillow.com ""cash only"" ""St. Louis, MO""",https://www.google.com/search?q=site%3Azillow.com+%22cash+only%22+%22St.+Louis%2C+MO%22
"St. Louis, MO",MO,"St. Louis, MO",bring all offers,Medium,Generally permitted - verify current statute,"site:zillow.com ""bring all offers"" ""St. Louis, MO""",https://www.google.com/search?q=site%3Azillow.com+%22bring+all+offers%22+%22St.+Louis%2C+MO%22
"St. Louis, MO",MO,"St. Louis, MO",priced to sell,Low,Generally permitted - verify current statute,"site:zillow.com ""priced to sell"" ""St. Louis, MO""",https://www.google.com/search?q=site%3Azillow.com+%22priced+to+sell%22+%22St.+Louis%2C+MO%22
"St. Louis, MO",MO,"St. Louis, MO",tear down,Medium,Generally permitted - verify current statute,"site:zillow.com ""tear down"" ""St. Louis, MO""",https://www.google.com/search?q=site%3Azillow.com+%22tear+down%22+%22St.+Louis%2C+MO%22
"St. Louis, MO",MO,"St. Louis, MO",needs work,Medium,Generally permitted - verify current statute,"site:zillow.com ""needs work"" ""St. Louis, MO""",https://www.google.com/search?q=site%3Azillow.com+%22needs+work%22+%22St.+Louis%2C+MO%22
"St. Louis, MO",MO,63106,fixer upper,High,Generally permitted - verify current statute,"site:zillow.com ""fixer upper"" ""63106""",https://www.google.com/search?q=site%3Azillow.com+%22fixer+upper%22+%2263106%22
"St. Louis, MO",MO,63106,handyman special,High,Generally permitted - verify current statute,"site:zillow.com ""handyman special"" ""63106""",https://www.google.com/search?q=site%3Azillow.com+%22handyman+special%22+%2263106%22
"St. Louis, MO",MO,63106,investor special,High,Generally permitted - verify current statute,"site:zillow.com ""investor special"" ""63106""",https://www.google.com/search?q=site%3Azillow.com+%22investor+special%22+%2263106%22
"St. Louis, MO",MO,63106,as-is,High,Generally permitted - verify current statute,"site:zillow.com ""as-is"" ""63106""",https://www.google.com/search?q=site%3Azillow.com+%22as-is%22+%2263106%22
"St. Louis, MO",MO,63106,needs TLC,High,Generally permitted - verify current statute,"site:zillow.com ""needs TLC"" ""63106""",https://www.google.com/search?q=site%3Azillow.com+%22needs+TLC%22+%2263106%22
"St. Louis, MO",MO,63106,probate,High,Generally permitted - verify current statute,"site:zillow.com ""probate"" ""63106""",https://www.google.com/search?q=site%3Azillow.com+%22probate%22+%2263106%22
"St. Louis, MO",MO,63106,estate sale,Medium,Generally permitted - verify current statute,"site:zillow.com ""estate sale"" ""63106""",https://www.google.com/search?q=site%3Azillow.com+%22estate+sale%22+%2263106%22
"St. Louis, MO",MO,63106,inherited,Medium,Generally permitted - verify current statute,"site:zillow.com ""inherited"" ""63106""",https://www.google.com/search?q=site%3Azillow.com+%22inherited%22+%2263106%22
"St. Louis, MO",MO,63106,motivated seller,High,Generally permitted - verify current statute,"site:zillow.com ""motivated seller"" ""63106""",https://www.google.com/search?q=site%3Azillow.com+%22motivated+seller%22+%2263106%22
"St. Louis, MO",MO,63106,must sell,Medium,Generally permitted - verify current statute,"site:zillow.com ""must sell"" ""63106""",https://www.google.com/search?q=site%3Azillow.com+%22must+sell%22+%2263106%22
"St. Louis, MO",MO,63106,cash only,High,Generally permitted - verify current statute,"site:zillow.com ""cash only"" ""63106""",https://www.google.com/search?q=site%3Azillow.com+%22cash+only%22+%2263106%22
"St. Louis, MO",MO,63106,bring all offers,Medium,Generally permitted - verify current statute,"site:zillow.com ""bring all offers"" ""63106""",https://www.google.com/search?q=site%3Azillow.com+%22bring+all+offers%22+%2263106%22
"St. Louis, MO",MO,63106,priced to sell,Low,Generally permitted - verify current statute,"site:zillow.com ""priced to sell"" ""63106""",https://www.google.com/search?q=site%3Azillow.com+%22priced+to+sell%22+%2263106%22
"St. Louis, MO",MO,63106,tear down,Medium,Generally permitted - verify current statute,"site:zillow.com ""tear down"" ""63106""",https://www.google.com/search?q=site%3Azillow.com+%22tear+down%22+%2263106%22
"St. Louis, MO",MO,63106,needs work,Medium,Generally permitted - verify current statute,"site:zillow.com ""needs work"" ""63106""",https://www.google.com/search?q=site%3Azillow.com+%22needs+work%22+%2263106%22
"St. Louis, MO",MO,63107,fixer upper,High,Generally permitted - verify current statute,"site:zillow.com ""fixer upper"" ""63107""",https://www.google.com/search?q=site%3Azillow.com+%22fixer+upper%22+%2263107%22
"St. Louis, MO",MO,63107,handyman special,High,Generally permitted - verify current statute,"site:zillow.com ""handyman special"" ""63107""",https://www.google.com/search?q=site%3Azillow.com+%22handyman+special%22+%2263107%22
"St. Louis, MO",MO,63107,investor special,High,Generally permitted - verify current statute,"site:zillow.com ""investor special"" ""63107""",https://www.google.com/search?q=site%3Azillow.com+%22investor+special%22+%2263107%22
"St. Louis, MO",MO,63107,as-is,High,Generally permitted - verify current statute,"site:zillow.com ""as-is"" ""63107""",https://www.google.com/search?q=site%3Azillow.com+%22as-is%22+%2263107%22
"St. Louis, MO",MO,63107,needs TLC,High,Generally permitted - verify current statute,"site:zillow.com ""needs TLC"" ""63107""",https://www.google.com/search?q=site%3Azillow.com+%22needs+TLC%22+%2263107%22
"St. Louis, MO",MO,63107,probate,High,Generally permitted - verify current statute,"site:zillow.com ""probate"" ""63107""",https://www.google.com/search?q=site%3Azillow.com+%22probate%22+%2263107%22
"St. Louis, MO",MO,63107,estate sale,Medium,Generally permitted - verify current statute,"site:zillow.com ""estate sale"" ""63107""",https://www.google.com/search?q=site%3Azillow.com+%22estate+sale%22+%2263107%22
"St. Louis, MO",MO,63107,inherited,Medium,Generally permitted - verify current statute,"site:zillow.com ""inherited"" ""63107""",https://www.google.com/search?q=site%3Azillow.com+%22inherited%22+%2263107%22
"St. Louis, MO",MO,63107,motivated seller,High,Generally permitted - verify current statute,"site:zillow.com ""motivated seller"" ""63107""",https://www.google.com/search?q=site%3Azillow.com+%22motivated+seller%22+%2263107%22
"St. Louis, MO",MO,63107,must sell,Medium,Generally permitted - verify current statute,"site:zillow.com ""must sell"" ""63107""",https://www.google.com/search?q=site%3Azillow.com+%22must+sell%22+%2263107%22
"St. Louis, MO",MO,63107,cash only,High,Generally permitted - verify current statute,"site:zillow.com ""cash only"" ""63107""",https://www.google.com/search?q=site%3Azillow.com+%22cash+only%22+%2263107%22
"St. Louis, MO",MO,63107,bring all offers,Medium,Generally permitted - verify current statute,"site:zillow.com ""bring all offers"" ""63107""",https://www.google.com/search?q=site%3Azillow.com+%22bring+all+offers%22+%2263107%22
"St. Louis, MO",MO,63107,priced to sell,Low,Generally permitted - verify current statute,"site:zillow.com ""priced to sell"" ""63107""",https://www.google.com/search?q=site%3Azillow.com+%22priced+to+sell%22+%2263107%22
"St. Louis, MO",MO,63107,tear down,Medium,Generally permitted - verify current statute,"site:zillow.com ""tear down"" ""63107""",https://www.google.com/search?q=site%3Azillow.com+%22tear+down%22+%2263107%22
"St. Louis, MO",MO,63107,needs work,Medium,Generally permitted - verify current statute,"site:zillow.com ""needs work"" ""63107""",https://www.google.com/search?q=site%3Azillow.com+%22needs+work%22+%2263107%22
"St. Louis, MO",MO,63113,fixer upper,High,Generally permitted - verify current statute,"site:zillow.com ""fixer upper"" ""63113""",https://www.google.com/search?q=site%3Azillow.com+%22fixer+upper%22+%2263113%22
"St. Louis, MO",MO,63113,handyman special,High,Generally permitted - verify current statute,"site:zillow.com ""handyman special"" ""63113""",https://www.google.com/search?q=site%3Azillow.com+%22handyman+special%22+%2263113%22
"St. Louis, MO",MO,63113,investor special,High,Generally permitted - verify current statute,"site:zillow.com ""investor special"" ""63113""",https://www.google.com/search?q=site%3Azillow.com+%22investor+special%22+%2263113%22
"St. Louis, MO",MO,63113,as-is,High,Generally permitted - verify current statute,"site:zillow.com ""as-is"" ""63113""",https://www.google.com/search?q=site%3Azillow.com+%22as-is%22+%2263113%22
"St. Louis, MO",MO,63113,needs TLC,High,Generally permitted - verify current statute,"site:zillow.com ""needs TLC"" ""63113""",https://www.google.com/search?q=site%3Azillow.com+%22needs+TLC%22+%2263113%22
"St. Louis, MO",MO,63113,probate,High,Generally permitted - verify current statute,"site:zillow.com ""probate"" ""63113""",https://www.google.com/search?q=site%3Azillow.com+%22probate%22+%2263113%22
"St. Louis, MO",MO,63113,estate sale,Medium,Generally permitted - verify current statute,"site:zillow.com ""estate sale"" ""63113""",https://www.google.com/search?q=site%3Azillow.com+%22estate+sale%22+%2263113%22
"St. Louis, MO",MO,63113,inherited,Medium,Generally permitted - verify current statute,"site:zillow.com ""inherited"" ""63113""",https://www.google.com/search?q=site%3Azillow.com+%22inherited%22+%2263113%22
"St. Louis, MO",MO,63113,motivated seller,High,Generally permitted - verify current statute,"site:zillow.com ""motivated seller"" ""63113""",https://www.google.com/search?q=site%3Azillow.com+%22motivated+seller%22+%2263113%22
"St. Louis, MO",MO,63113,must sell,Medium,Generally permitted - verify current statute,"site:zillow.com ""must sell"" ""63113""",https://www.google.com/search?q=site%3Azillow.com+%22must+sell%22+%2263113%22
"St. Louis, MO",MO,63113,cash only,High,Generally permitted - verify current statute,"site:zillow.com ""cash only"" ""63113""",https://www.google.com/search?q=site%3Azillow.com+%22cash+only%22+%2263113%22
"St. Louis, MO",MO,63113,bring all offers,Medium,Generally permitted - verify current statute,"site:zillow.com ""bring all offers"" ""63113""",https://www.google.com/search?q=site%3Azillow.com+%22bring+all+offers%22+%2263113%22
"St. Louis, MO",MO,63113,priced to sell,Low,Generally permitted - verify current statute,"site:zillow.com ""priced to sell"" ""63113""",https://www.google.com/search?q=site%3Azillow.com+%22priced+to+sell%22+%2263113%22
"St. Louis, MO",MO,63113,tear down,Medium,Generally permitted - verify current statute,"site:zillow.com ""tear down"" ""63113""",https://www.google.com/search?q=site%3Azillow.com+%22tear+down%22+%2263113%22
"St. Louis, MO",MO,63113,needs work,Medium,Generally permitted - verify current statute,"site:zillow.com ""needs work"" ""63113""",https://www.google.com/search?q=site%3Azillow.com+%22needs+work%22+%2263113%22
"St. Louis, MO",MO,63115,fixer upper,High,Generally permitted - verify current statute,"site:zillow.com ""fixer upper"" ""63115""",https://www.google.com/search?q=site%3Azillow.com+%22fixer+upper%22+%2263115%22
"St. Louis, MO",MO,63115,handyman special,High,Generally permitted - verify current statute,"site:zillow.com ""handyman special"" ""63115""",https://www.google.com/search?q=site%3Azillow.com+%22handyman+special%22+%2263115%22
"St. Louis, MO",MO,63115,investor special,High,Generally permitted - verify current statute,"site:zillow.com ""investor special"" ""63115""",https://www.google.com/search?q=site%3Azillow.com+%22investor+special%22+%2263115%22
"St. Louis, MO",MO,63115,as-is,High,Generally permitted - verify current statute,"site:zillow.com ""as-is"" ""63115""",https://www.google.com/search?q=site%3Azillow.com+%22as-is%22+%2263115%22
"St. Louis, MO",MO,63115,needs TLC,High,Generally permitted - verify current statute,"site:zillow.com ""needs TLC"" ""63115""",https://www.google.com/search?q=site%3Azillow.com+%22needs+TLC%22+%2263115%22
"St. Louis, MO",MO,63115,probate,High,Generally permitted - verify current statute,"site:zillow.com ""probate"" ""63115""",https://www.google.com/search?q=site%3Azillow.com+%22probate%22+%2263115%22
"St. Louis, MO",MO,63115,estate sale,Medium,Generally permitted - verify current statute,"site:zillow.com ""estate sale"" ""63115""",https://www.google.com/search?q=site%3Azillow.com+%22estate+sale%22+%2263115%22
"St. Louis, MO",MO,63115,inherited,Medium,Generally permitted - verify current statute,"site:zillow.com ""inherited"" ""63115""",https://www.google.com/search?q=site%3Azillow.com+%22inherited%22+%2263115%22
"St. Louis, MO",MO,63115,motivated seller,High,Generally permitted - verify current statute,"site:zillow.com ""motivated seller"" ""63115""",https://www.google.com/search?q=site%3Azillow.com+%22motivated+seller%22+%2263115%22
"St. Louis, MO",MO,63115,must sell,Medium,Generally permitted - verify current statute,"site:zillow.com ""must sell"" ""63115""",https://www.google.com/search?q=site%3Azillow.com+%22must+sell%22+%2263115%22
"St. Louis, MO",MO,63115,cash only,High,Generally permitted - verify current statute,"site:zillow.com ""cash only"" ""63115""",https://www.google.com/search?q=site%3Azillow.com+%22cash+only%22+%2263115%22
"St. Louis, MO",MO,63115,bring all offers,Medium,Generally permitted - verify current statute,"site:zillow.com ""bring all offers"" ""63115""",https://www.google.com/search?q=site%3Azillow.com+%22bring+all+offers%22+%2263115%22
"St. Louis, MO",MO,63115,priced to sell,Low,Generally permitted - verify current statute,"site:zillow.com ""priced to sell"" ""63115""",https://www.google.com/search?q=site%3Azillow.com+%22priced+to+sell%22+%2263115%22
"St. Louis, MO",MO,63115,tear down,Medium,Generally permitted - verify current statute,"site:zillow.com ""tear down"" ""63115""",https://www.google.com/search?q=site%3Azillow.com+%22tear+down%22+%2263115%22
"St. Louis, MO",MO,63115,needs work,Medium,Generally permitted - verify current statute,"site:zillow.com ""needs work"" ""63115""",https://www.google.com/search?q=site%3Azillow.com+%22needs+work%22+%2263115%22
"St. Louis, MO",MO,63118,fixer upper,High,Generally permitted - verify current statute,"site:zillow.com ""fixer upper"" ""63118""",https://www.google.com/search?q=site%3Azillow.com+%22fixer+upper%22+%2263118%22
"St. Louis, MO",MO,63118,handyman special,High,Generally permitted - verify current statute,"site:zillow.com ""handyman special"" ""63118""",https://www.google.com/search?q=site%3Azillow.com+%22handyman+special%22+%2263118%22
"St. Louis, MO",MO,63118,investor special,High,Generally permitted - verify current statute,"site:zillow.com ""investor special"" ""63118""",https://www.google.com/search?q=site%3Azillow.com+%22investor+special%22+%2263118%22
"St. Louis, MO",MO,63118,as-is,High,Generally permitted - verify current statute,"site:zillow.com ""as-is"" ""63118""",https://www.google.com/search?q=site%3Azillow.com+%22as-is%22+%2263118%22
"St. Louis, MO",MO,63118,needs TLC,High,Generally permitted - verify current statute,"site:zillow.com ""needs TLC"" ""63118""",https://www.google.com/search?q=site%3Azillow.com+%22needs+TLC%22+%2263118%22
"St. Louis, MO",MO,63118,probate,High,Generally permitted - verify current statute,"site:zillow.com ""probate"" ""63118""",https://www.google.com/search?q=site%3Azillow.com+%22probate%22+%2263118%22
"St. Louis, MO",MO,63118,estate sale,Medium,Generally permitted - verify current statute,"site:zillow.com ""estate sale"" ""63118""",https://www.google.com/search?q=site%3Azillow.com+%22estate+sale%22+%2263118%22
"St. Louis, MO",MO,63118,inherited,Medium,Generally permitted - verify current statute,"site:zillow.com ""inherited"" ""63118""",https://www.google.com/search?q=site%3Azillow.com+%22inherited%22+%2263118%22
"St. Louis, MO",MO,63118,motivated seller,High,Generally permitted - verify current statute,"site:zillow.com ""motivated seller"" ""63118""",https://www.google.com/search?q=site%3Azillow.com+%22motivated+seller%22+%2263118%22
"St. Louis, MO",MO,63118,must sell,Medium,Generally permitted - verify current statute,"site:zillow.com ""must sell"" ""63118""",https://www.google.com/search?q=site%3Azillow.com+%22must+sell%22+%2263118%22
"St. Louis, MO",MO,63118,cash only,High,Generally permitted - verify current statute,"site:zillow.com ""cash only"" ""63118""",https://www.google.com/search?q=site%3Azillow.com+%22cash+only%22+%2263118%22
"St. Louis, MO",MO,63118,bring all offers,Medium,Generally permitted - verify current statute,"site:zillow.com ""bring all offers"" ""63118""",https://www.google.com/search?q=site%3Azillow.com+%22bring+all+offers%22+%2263118%22
"St. Louis, MO",MO,63118,priced to sell,Low,Generally permitted - verify current statute,"site:zillow.com ""priced to sell"" ""63118""",https://www.google.com/search?q=site%3Azillow.com+%22priced+to+sell%22+%2263118%22
"St. Louis, MO",MO,63118,tear down,Medium,Generally permitted - verify current statute,"site:zillow.com ""tear down"" ""63118""",https://www.google.com/search?q=site%3Azillow.com+%22tear+down%22+%2263118%22
"St. Louis, MO",MO,63118,needs work,Medium,Generally permitted - verify current statute,"site:zillow.com ""needs work"" ""63118""",https://www.google.com/search?q=site%3Azillow.com+%22needs+work%22+%2263118%22
"St. Louis, MO",MO,63120,fixer upper,High,Generally permitted - verify current statute,"site:zillow.com ""fixer upper"" ""63120""",https://www.google.com/search?q=site%3Azillow.com+%22fixer+upper%22+%2263120%22
"St. Louis, MO",MO,63120,handyman special,High,Generally permitted - verify current statute,"site:zillow.com ""handyman special"" ""63120""",https://www.google.com/search?q=site%3Azillow.com+%22handyman+special%22+%2263120%22
"St. Louis, MO",MO,63120,investor special,High,Generally permitted - verify current statute,"site:zillow.com ""investor special"" ""63120""",https://www.google.com/search?q=site%3Azillow.com+%22investor+special%22+%2263120%22
"St. Louis, MO",MO,63120,as-is,High,Generally permitted - verify current statute,"site:zillow.com ""as-is"" ""63120""",https://www.google.com/search?q=site%3Azillow.com+%22as-is%22+%2263120%22
"St. Louis, MO",MO,63120,needs TLC,High,Generally permitted - verify current statute,"site:zillow.com ""needs TLC"" ""63120""",https://www.google.com/search?q=site%3Azillow.com+%22needs+TLC%22+%2263120%22
"St. Louis, MO",MO,63120,probate,High,Generally permitted - verify current statute,"site:zillow.com ""probate"" ""63120""",https://www.google.com/search?q=site%3Azillow.com+%22probate%22+%2263120%22
"St. Louis, MO",MO,63120,estate sale,Medium,Generally permitted - verify current statute,"site:zillow.com ""estate sale"" ""63120""",https://www.google.com/search?q=site%3Azillow.com+%22estate+sale%22+%2263120%22
"St. Louis, MO",MO,63120,inherited,Medium,Generally permitted - verify current statute,"site:zillow.com ""inherited"" ""63120""",https://www.google.com/search?q=site%3Azillow.com+%22inherited%22+%2263120%22
"St. Louis, MO",MO,63120,motivated seller,High,Generally permitted - verify current statute,"site:zillow.com ""motivated seller"" ""63120""",https://www.google.com/search?q=site%3Azillow.com+%22motivated+seller%22+%2263120%22
"St. Louis, MO",MO,63120,must sell,Medium,Generally permitted - verify current statute,"site:zillow.com ""must sell"" ""63120""",https://www.google.com/search?q=site%3Azillow.com+%22must+sell%22+%2263120%22
"St. Louis, MO",MO,63120,cash only,High,Generally permitted - verify current statute,"site:zillow.com ""cash only"" ""63120""",https://www.google.com/search?q=site%3Azillow.com+%22cash+only%22+%2263120%22
"St. Louis, MO",MO,63120,bring all offers,Medium,Generally permitted - verify current statute,"site:zillow.com ""bring all offers"" ""63120""",https://www.google.com/search?q=site%3Azillow.com+%22bring+all+offers%22+%2263120%22
"St. Louis, MO",MO,63120,priced to sell,Low,Generally permitted - verify current statute,"site:zillow.com ""priced to sell"" ""63120""",https://www.google.com/search?q=site%3Azillow.com+%22priced+to+sell%22+%2263120%22
"St. Louis, MO",MO,63120,tear down,Medium,Generally permitted - verify current statute,"site:zillow.com ""tear down"" ""63120""",https://www.google.com/search?q=site%3Azillow.com+%22tear+down%22+%2263120%22
"St. Louis, MO",MO,63120,needs work,Medium,Generally permitted - verify current statute,"site:zillow.com ""needs work"" ""63120""",https://www.google.com/search?q=site%3Azillow.com+%22needs+work%22+%2263120%22
"Birmingham, AL",AL,"Birmingham, AL",fixer upper,High,Generally permitted - verify current statute,"site:zillow.com ""fixer upper"" ""Birmingham, AL""",https://www.google.com/search?q=site%3Azillow.com+%22fixer+upper%22+%22Birmingham%2C+AL%22
"Birmingham, AL",AL,"Birmingham, AL",handyman special,High,Generally permitted - verify current statute,"site:zillow.com ""handyman special"" ""Birmingham, AL""",https://www.google.com/search?q=site%3Azillow.com+%22handyman+special%22+%22Birmingham%2C+AL%22
"Birmingham, AL",AL,"Birmingham, AL",investor special,High,Generally permitted - verify current statute,"site:zillow.com ""investor special"" ""Birmingham, AL""",https://www.google.com/search?q=site%3Azillow.com+%22investor+special%22+%22Birmingham%2C+AL%22
"Birmingham, AL",AL,"Birmingham, AL",as-is,High,Generally permitted - verify current statute,"site:zillow.com ""as-is"" ""Birmingham, AL""",https://www.google.com/search?q=site%3Azillow.com+%22as-is%22+%22Birmingham%2C+AL%22
"Birmingham, AL",AL,"Birmingham, AL",needs TLC,High,Generally permitted - verify current statute,"site:zillow.com ""needs TLC"" ""Birmingham, AL""",https://www.google.com/search?q=site%3Azillow.com+%22needs+TLC%22+%22Birmingham%2C+AL%22
"Birmingham, AL",AL,"Birmingham, AL",probate,High,Generally permitted - verify current statute,"site:zillow.com ""probate"" ""Birmingham, AL""",https://www.google.com/search?q=site%3Azillow.com+%22probate%22+%22Birmingham%2C+AL%22
"Birmingham, AL",AL,"Birmingham, AL",estate sale,Medium,Generally permitted - verify current statute,"site:zillow.com ""estate sale"" ""Birmingham, AL""",https://www.google.com/search?q=site%3Azillow.com+%22estate+sale%22+%22Birmingham%2C+AL%22
"Birmingham, AL",AL,"Birmingham, AL",inherited,Medium,Generally permitted - verify current statute,"site:zillow.com ""inherited"" ""Birmingham, AL""",https://www.google.com/search?q=site%3Azillow.com+%22inherited%22+%22Birmingham%2C+AL%22
"Birmingham, AL",AL,"Birmingham, AL",motivated seller,High,Generally permitted - verify current statute,"site:zillow.com ""motivated seller"" ""Birmingham, AL""",https://www.google.com/search?q=site%3Azillow.com+%22motivated+seller%22+%22Birmingham%2C+AL%22
"Birmingham, AL",AL,"Birmingham, AL",must sell,Medium,Generally permitted - verify current statute,"site:zillow.com ""must sell"" ""Birmingham, AL""",https://www.google.com/search?q=site%3Azillow.com+%22must+sell%22+%22Birmingham%2C+AL%22
"Birmingham, AL",AL,"Birmingham, AL",cash only,High,Generally permitted - verify current statute,"site:zillow.com ""cash only"" ""Birmingham, AL""",https://www.google.com/search?q=site%3Azillow.com+%22cash+only%22+%22Birmingham%2C+AL%22
"Birmingham, AL",AL,"Birmingham, AL",bring all offers,Medium,Generally permitted - verify current statute,"site:zillow.com ""bring all offers"" ""Birmingham, AL""",https://www.google.com/search?q=site%3Azillow.com+%22bring+all+offers%22+%22Birmingham%2C+AL%22
"Birmingham, AL",AL,"Birmingham, AL",priced to sell,Low,Generally permitted - verify current statute,"site:zillow.com ""priced to sell"" ""Birmingham, AL""",https://www.google.com/search?q=site%3Azillow.com+%22priced+to+sell%22+%22Birmingham%2C+AL%22
"Birmingham, AL",AL,"Birmingham, AL",tear down,Medium,Generally permitted - verify current statute,"site:zillow.com ""tear down"" ""Birmingham, AL""",https://www.google.com/search?q=site%3Azillow.com+%22tear+down%22+%22Birmingham%2C+AL%22
"Birmingham, AL",AL,"Birmingham, AL",needs work,Medium,Generally permitted - verify current statute,"site:zillow.com ""needs work"" ""Birmingham, AL""",https://www.google.com/search?q=site%3Azillow.com+%22needs+work%22+%22Birmingham%2C+AL%22
"Birmingham, AL",AL,35204,fixer upper,High,Generally permitted - verify current statute,"site:zillow.com ""fixer upper"" ""35204""",https://www.google.com/search?q=site%3Azillow.com+%22fixer+upper%22+%2235204%22
"Birmingham, AL",AL,35204,handyman special,High,Generally permitted - verify current statute,"site:zillow.com ""handyman special"" ""35204""",https://www.google.com/search?q=site%3Azillow.com+%22handyman+special%22+%2235204%22
"Birmingham, AL",AL,35204,investor special,High,Generally permitted - verify current statute,"site:zillow.com ""investor special"" ""35204""",https://www.google.com/search?q=site%3Azillow.com+%22investor+special%22+%2235204%22
"Birmingham, AL",AL,35204,as-is,High,Generally permitted - verify current statute,"site:zillow.com ""as-is"" ""35204""",https://www.google.com/search?q=site%3Azillow.com+%22as-is%22+%2235204%22
"Birmingham, AL",AL,35204,needs TLC,High,Generally permitted - verify current statute,"site:zillow.com ""needs TLC"" ""35204""",https://www.google.com/search?q=site%3Azillow.com+%22needs+TLC%22+%2235204%22
"Birmingham, AL",AL,35204,probate,High,Generally permitted - verify current statute,"site:zillow.com ""probate"" ""35204""",https://www.google.com/search?q=site%3Azillow.com+%22probate%22+%2235204%22
"Birmingham, AL",AL,35204,estate sale,Medium,Generally permitted - verify current statute,"site:zillow.com ""estate sale"" ""35204""",https://www.google.com/search?q=site%3Azillow.com+%22estate+sale%22+%2235204%22
"Birmingham, AL",AL,35204,inherited,Medium,Generally permitted - verify current statute,"site:zillow.com ""inherited"" ""35204""",https://www.google.com/search?q=site%3Azillow.com+%22inherited%22+%2235204%22
"Birmingham, AL",AL,35204,motivated seller,High,Generally permitted - verify current statute,"site:zillow.com ""motivated seller"" ""35204""",https://www.google.com/search?q=site%3Azillow.com+%22motivated+seller%22+%2235204%22
"Birmingham, AL",AL,35204,must sell,Medium,Generally permitted - verify current statute,"site:zillow.com ""must sell"" ""35204""",https://www.google.com/search?q=site%3Azillow.com+%22must+sell%22+%2235204%22
"Birmingham, AL",AL,35204,cash only,High,Generally permitted - verify current statute,"site:zillow.com ""cash only"" ""35204""",https://www.google.com/search?q=site%3Azillow.com+%22cash+only%22+%2235204%22
"Birmingham, AL",AL,35204,bring all offers,Medium,Generally permitted - verify current statute,"site:zillow.com ""bring all offers"" ""35204""",https://www.google.com/search?q=site%3Azillow.com+%22bring+all+offers%22+%2235204%22
"Birmingham, AL",AL,35204,priced to sell,Low,Generally permitted - verify current statute,"site:zillow.com ""priced to sell"" ""35204""",https://www.google.com/search?q=site%3Azillow.com+%22priced+to+sell%22+%2235204%22
"Birmingham, AL",AL,35204,tear down,Medium,Generally permitted - verify current statute,"site:zillow.com ""tear down"" ""35204""",https://www.google.com/search?q=site%3Azillow.com+%22tear+down%22+%2235204%22
"Birmingham, AL",AL,35204,needs work,Medium,Generally permitted - verify current statute,"site:zillow.com ""needs work"" ""35204""",https://www.google.com/search?q=site%3Azillow.com+%22needs+work%22+%2235204%22
"Birmingham, AL",AL,35208,fixer upper,High,Generally permitted - verify current statute,"site:zillow.com ""fixer upper"" ""35208""",https://www.google.com/search?q=site%3Azillow.com+%22fixer+upper%22+%2235208%22
"Birmingham, AL",AL,35208,handyman special,High,Generally permitted - verify current statute,"site:zillow.com ""handyman special"" ""35208""",https://www.google.com/search?q=site%3Azillow.com+%22handyman+special%22+%2235208%22
"Birmingham, AL",AL,35208,investor special,High,Generally permitted - verify current statute,"site:zillow.com ""investor special"" ""35208""",https://www.google.com/search?q=site%3Azillow.com+%22investor+special%22+%2235208%22
"Birmingham, AL",AL,35208,as-is,High,Generally permitted - verify current statute,"site:zillow.com ""as-is"" ""35208""",https://www.google.com/search?q=site%3Azillow.com+%22as-is%22+%2235208%22
"Birmingham, AL",AL,35208,needs TLC,High,Generally permitted - verify current statute,"site:zillow.com ""needs TLC"" ""35208""",https://www.google.com/search?q=site%3Azillow.com+%22needs+TLC%22+%2235208%22
"Birmingham, AL",AL,35208,probate,High,Generally permitted - verify current statute,"site:zillow.com ""probate"" ""35208""",https://www.google.com/search?q=site%3Azillow.com+%22probate%22+%2235208%22
"Birmingham, AL",AL,35208,estate sale,Medium,Generally permitted - verify current statute,"site:zillow.com ""estate sale"" ""35208""",https://www.google.com/search?q=site%3Azillow.com+%22estate+sale%22+%2235208%22
"Birmingham, AL",AL,35208,inherited,Medium,Generally permitted - verify current statute,"site:zillow.com ""inherited"" ""35208""",https://www.google.com/search?q=site%3Azillow.com+%22inherited%22+%2235208%22
"Birmingham, AL",AL,35208,motivated seller,High,Generally permitted - verify current statute,"site:zillow.com ""motivated seller"" ""35208""",https://www.google.com/search?q=site%3Azillow.com+%22motivated+seller%22+%2235208%22
"Birmingham, AL",AL,35208,must sell,Medium,Generally permitted - verify current statute,"site:zillow.com ""must sell"" ""35208""",https://www.google.com/search?q=site%3Azillow.com+%22must+sell%22+%2235208%22
"Birmingham, AL",AL,35208,cash only,High,Generally permitted - verify current statute,"site:zillow.com ""cash only"" ""35208""",https://www.google.com/search?q=site%3Azillow.com+%22cash+only%22+%2235208%22
"Birmingham, AL",AL,35208,bring all offers,Medium,Generally permitted - verify current statute,"site:zillow.com ""bring all offers"" ""35208""",https://www.google.com/search?q=site%3Azillow.com+%22bring+all+offers%22+%2235208%22
"Birmingham, AL",AL,35208,priced to sell,Low,Generally permitted - verify current statute,"site:zillow.com ""priced to sell"" ""35208""",https://www.google.com/search?q=site%3Azillow.com+%22priced+to+sell%22+%2235208%22
"Birmingham, AL",AL,35208,tear down,Medium,Generally permitted - verify current statute,"site:zillow.com ""tear down"" ""35208""",https://www.google.com/search?q=site%3Azillow.com+%22tear+down%22+%2235208%22
"Birmingham, AL",AL,35208,needs work,Medium,Generally permitted - verify current statute,"site:zillow.com ""needs work"" ""35208""",https://www.google.com/search?q=site%3Azillow.com+%22needs+work%22+%2235208%22
"Birmingham, AL",AL,35211,fixer upper,High,Generally permitted - verify current statute,"site:zillow.com ""fixer upper"" ""35211""",https://www.google.com/search?q=site%3Azillow.com+%22fixer+upper%22+%2235211%22
"Birmingham, AL",AL,35211,handyman special,High,Generally permitted - verify current statute,"site:zillow.com ""handyman special"" ""35211""",https://www.google.com/search?q=site%3Azillow.com+%22handyman+special%22+%2235211%22
"Birmingham, AL",AL,35211,investor special,High,Generally permitted - verify current statute,"site:zillow.com ""investor special"" ""35211""",https://www.google.com/search?q=site%3Azillow.com+%22investor+special%22+%2235211%22
"Birmingham, AL",AL,35211,as-is,High,Generally permitted - verify current statute,"site:zillow.com ""as-is"" ""35211""",https://www.google.com/search?q=site%3Azillow.com+%22as-is%22+%2235211%22
"Birmingham, AL",AL,35211,needs TLC,High,Generally permitted - verify current statute,"site:zillow.com ""needs TLC"" ""35211""",https://www.google.com/search?q=site%3Azillow.com+%22needs+TLC%22+%2235211%22
"Birmingham, AL",AL,35211,probate,High,Generally permitted - verify current statute,"site:zillow.com ""probate"" ""35211""",https://www.google.com/search?q=site%3Azillow.com+%22probate%22+%2235211%22
"Birmingham, AL",AL,35211,estate sale,Medium,Generally permitted - verify current statute,"site:zillow.com ""estate sale"" ""35211""",https://www.google.com/search?q=site%3Azillow.com+%22estate+sale%22+%2235211%22
"Birmingham, AL",AL,35211,inherited,Medium,Generally permitted - verify current statute,"site:zillow.com ""inherited"" ""35211""",https://www.google.com/search?q=site%3Azillow.com+%22inherited%22+%2235211%22
"Birmingham, AL",AL,35211,motivated seller,High,Generally permitted - verify current statute,"site:zillow.com ""motivated seller"" ""35211""",https://www.google.com/search?q=site%3Azillow.com+%22motivated+seller%22+%2235211%22
"Birmingham, AL",AL,35211,must sell,Medium,Generally permitted - verify current statute,"site:zillow.com ""must sell"" ""35211""",https://www.google.com/search?q=site%3Azillow.com+%22must+sell%22+%2235211%22
"Birmingham, AL",AL,35211,cash only,High,Generally permitted - verify current statute,"site:zillow.com ""cash only"" ""35211""",https://www.google.com/search?q=site%3Azillow.com+%22cash+only%22+%2235211%22
"Birmingham, AL",AL,35211,bring all offers,Medium,Generally permitted - verify current statute,"site:zillow.com ""bring all offers"" ""35211""",https://www.google.com/search?q=site%3Azillow.com+%22bring+all+offers%22+%2235211%22
"Birmingham, AL",AL,35211,priced to sell,Low,Generally permitted - verify current statute,"site:zillow.com ""priced to sell"" ""35211""",https://www.google.com/search?q=site%3Azillow.com+%22priced+to+sell%22+%2235211%22
"Birmingham, AL",AL,35211,tear down,Medium,Generally permitted - verify current statute,"site:zillow.com ""tear down"" ""35211""",https://www.google.com/search?q=site%3Azillow.com+%22tear+down%22+%2235211%22
"Birmingham, AL",AL,35211,needs work,Medium,Generally permitted - verify current statute,"site:zillow.com ""needs work"" ""35211""",https://www.google.com/search?q=site%3Azillow.com+%22needs+work%22+%2235211%22
"Birmingham, AL",AL,35212,fixer upper,High,Generally permitted - verify current statute,"site:zillow.com ""fixer upper"" ""35212""",https://www.google.com/search?q=site%3Azillow.com+%22fixer+upper%22+%2235212%22
"Birmingham, AL",AL,35212,handyman special,High,Generally permitted - verify current statute,"site:zillow.com ""handyman special"" ""35212""",https://www.google.com/search?q=site%3Azillow.com+%22handyman+special%22+%2235212%22
"Birmingham, AL",AL,35212,investor special,High,Generally permitted - verify current statute,"site:zillow.com ""investor special"" ""35212""",https://www.google.com/search?q=site%3Azillow.com+%22investor+special%22+%2235212%22
"Birmingham, AL",AL,35212,as-is,High,Generally permitted - verify current statute,"site:zillow.com ""as-is"" ""35212""",https://www.google.com/search?q=site%3Azillow.com+%22as-is%22+%2235212%22
"Birmingham, AL",AL,35212,needs TLC,High,Generally permitted - verify current statute,"site:zillow.com ""needs TLC"" ""35212""",https://www.google.com/search?q=site%3Azillow.com+%22needs+TLC%22+%2235212%22
"Birmingham, AL",AL,35212,probate,High,Generally permitted - verify current statute,"site:zillow.com ""probate"" ""35212""",https://www.google.com/search?q=site%3Azillow.com+%22probate%22+%2235212%22
"Birmingham, AL",AL,35212,estate sale,Medium,Generally permitted - verify current statute,"site:zillow.com ""estate sale"" ""35212""",https://www.google.com/search?q=site%3Azillow.com+%22estate+sale%22+%2235212%22
"Birmingham, AL",AL,35212,inherited,Medium,Generally permitted - verify current statute,"site:zillow.com ""inherited"" ""35212""",https://www.google.com/search?q=site%3Azillow.com+%22inherited%22+%2235212%22
"Birmingham, AL",AL,35212,motivated seller,High,Generally permitted - verify current statute,"site:zillow.com ""motivated seller"" ""35212""",https://www.google.com/search?q=site%3Azillow.com+%22motivated+seller%22+%2235212%22
"Birmingham, AL",AL,35212,must sell,Medium,Generally permitted - verify current statute,"site:zillow.com ""must sell"" ""35212""",https://www.google.com/search?q=site%3Azillow.com+%22must+sell%22+%2235212%22
"Birmingham, AL",AL,35212,cash only,High,Generally permitted - verify current statute,"site:zillow.com ""cash only"" ""35212""",https://www.google.com/search?q=site%3Azillow.com+%22cash+only%22+%2235212%22
"Birmingham, AL",AL,35212,bring all offers,Medium,Generally permitted - verify current statute,"site:zillow.com ""bring all offers"" ""35212""",https://www.google.com/search?q=site%3Azillow.com+%22bring+all+offers%22+%2235212%22
"Birmingham, AL",AL,35212,priced to sell,Low,Generally permitted - verify current statute,"site:zillow.com ""priced to sell"" ""35212""",https://www.google.com/search?q=site%3Azillow.com+%22priced+to+sell%22+%2235212%22
"Birmingham, AL",AL,35212,tear down,Medium,Generally permitted - verify current statute,"site:zillow.com ""tear down"" ""35212""",https://www.google.com/search?q=site%3Azillow.com+%22tear+down%22+%2235212%22
"Birmingham, AL",AL,35212,needs work,Medium,Generally permitted - verify current statute,"site:zillow.com ""needs work"" ""35212""",https://www.google.com/search?q=site%3Azillow.com+%22needs+work%22+%2235212%22
"Birmingham, AL",AL,35215,fixer upper,High,Generally permitted - verify current statute,"site:zillow.com ""fixer upper"" ""35215""",https://www.google.com/search?q=site%3Azillow.com+%22fixer+upper%22+%2235215%22
"Birmingham, AL",AL,35215,handyman special,High,Generally permitted - verify current statute,"site:zillow.com ""handyman special"" ""35215""",https://www.google.com/search?q=site%3Azillow.com+%22handyman+special%22+%2235215%22
"Birmingham, AL",AL,35215,investor special,High,Generally permitted - verify current statute,"site:zillow.com ""investor special"" ""35215""",https://www.google.com/search?q=site%3Azillow.com+%22investor+special%22+%2235215%22
"Birmingham, AL",AL,35215,as-is,High,Generally permitted - verify current statute,"site:zillow.com ""as-is"" ""35215""",https://www.google.com/search?q=site%3Azillow.com+%22as-is%22+%2235215%22
"Birmingham, AL",AL,35215,needs TLC,High,Generally permitted - verify current statute,"site:zillow.com ""needs TLC"" ""35215""",https://www.google.com/search?q=site%3Azillow.com+%22needs+TLC%22+%2235215%22
"Birmingham, AL",AL,35215,probate,High,Generally permitted - verify current statute,"site:zillow.com ""probate"" ""35215""",https://www.google.com/search?q=site%3Azillow.com+%22probate%22+%2235215%22
"Birmingham, AL",AL,35215,estate sale,Medium,Generally permitted - verify current statute,"site:zillow.com ""estate sale"" ""35215""",https://www.google.com/search?q=site%3Azillow.com+%22estate+sale%22+%2235215%22
"Birmingham, AL",AL,35215,inherited,Medium,Generally permitted - verify current statute,"site:zillow.com ""inherited"" ""35215""",https://www.google.com/search?q=site%3Azillow.com+%22inherited%22+%2235215%22
"Birmingham, AL",AL,35215,motivated seller,High,Generally permitted - verify current statute,"site:zillow.com ""motivated seller"" ""35215""",https://www.google.com/search?q=site%3Azillow.com+%22motivated+seller%22+%2235215%22
"Birmingham, AL",AL,35215,must sell,Medium,Generally permitted - verify current statute,"site:zillow.com ""must sell"" ""35215""",https://www.google.com/search?q=site%3Azillow.com+%22must+sell%22+%2235215%22
"Birmingham, AL",AL,35215,cash only,High,Generally permitted - verify current statute,"site:zillow.com ""cash only"" ""35215""",https://www.google.com/search?q=site%3Azillow.com+%22cash+only%22+%2235215%22
"Birmingham, AL",AL,35215,bring all offers,Medium,Generally permitted - verify current statute,"site:zillow.com ""bring all offers"" ""35215""",https://www.google.com/search?q=site%3Azillow.com+%22bring+all+offers%22+%2235215%22
"Birmingham, AL",AL,35215,priced to sell,Low,Generally permitted - verify current statute,"site:zillow.com ""priced to sell"" ""35215""",https://www.google.com/search?q=site%3Azillow.com+%22priced+to+sell%22+%2235215%22
"Birmingham, AL",AL,35215,tear down,Medium,Generally permitted - verify current statute,"site:zillow.com ""tear down"" ""35215""",https://www.google.com/search?q=site%3Azillow.com+%22tear+down%22+%2235215%22
"Birmingham, AL",AL,35215,needs work,Medium,Generally permitted - verify current statute,"site:zillow.com ""needs work"" ""35215""",https://www.google.com/search?q=site%3Azillow.com+%22needs+work%22+%2235215%22
"Birmingham, AL",AL,35217,fixer upper,High,Generally permitted - verify current statute,"site:zillow.com ""fixer upper"" ""35217""",https://www.google.com/search?q=site%3Azillow.com+%22fixer+upper%22+%2235217%22
"Birmingham, AL",AL,35217,handyman special,High,Generally permitted - verify current statute,"site:zillow.com ""handyman special"" ""35217""",https://www.google.com/search?q=site%3Azillow.com+%22handyman+special%22+%2235217%22
"Birmingham, AL",AL,35217,investor special,High,Generally permitted - verify current statute,"site:zillow.com ""investor special"" ""35217""",https://www.google.com/search?q=site%3Azillow.com+%22investor+special%22+%2235217%22
"Birmingham, AL",AL,35217,as-is,High,Generally permitted - verify current statute,"site:zillow.com ""as-is"" ""35217""",https://www.google.com/search?q=site%3Azillow.com+%22as-is%22+%2235217%22
"Birmingham, AL",AL,35217,needs TLC,High,Generally permitted - verify current statute,"site:zillow.com ""needs TLC"" ""35217""",https://www.google.com/search?q=site%3Azillow.com+%22needs+TLC%22+%2235217%22
"Birmingham, AL",AL,35217,probate,High,Generally permitted - verify current statute,"site:zillow.com ""probate"" ""35217""",https://www.google.com/search?q=site%3Azillow.com+%22probate%22+%2235217%22
"Birmingham, AL",AL,35217,estate sale,Medium,Generally permitted - verify current statute,"site:zillow.com ""estate sale"" ""35217""",https://www.google.com/search?q=site%3Azillow.com+%22estate+sale%22+%2235217%22
"Birmingham, AL",AL,35217,inherited,Medium,Generally permitted - verify current statute,"site:zillow.com ""inherited"" ""35217""",https://www.google.com/search?q=site%3Azillow.com+%22inherited%22+%2235217%22
"Birmingham, AL",AL,35217,motivated seller,High,Generally permitted - verify current statute,"site:zillow.com ""motivated seller"" ""35217""",https://www.google.com/search?q=site%3Azillow.com+%22motivated+seller%22+%2235217%22
"Birmingham, AL",AL,35217,must sell,Medium,Generally permitted - verify current statute,"site:zillow.com ""must sell"" ""35217""",https://www.google.com/search?q=site%3Azillow.com+%22must+sell%22+%2235217%22
"Birmingham, AL",AL,35217,cash only,High,Generally permitted - verify current statute,"site:zillow.com ""cash only"" ""35217""",https://www.google.com/search?q=site%3Azillow.com+%22cash+only%22+%2235217%22
"Birmingham, AL",AL,35217,bring all offers,Medium,Generally permitted - verify current statute,"site:zillow.com ""bring all offers"" ""35217""",https://www.google.com/search?q=site%3Azillow.com+%22bring+all+offers%22+%2235217%22
"Birmingham, AL",AL,35217,priced to sell,Low,Generally permitted - verify current statute,"site:zillow.com ""priced to sell"" ""35217""",https://www.google.com/search?q=site%3Azillow.com+%22priced+to+sell%22+%2235217%22
"Birmingham, AL",AL,35217,tear down,Medium,Generally permitted - verify current statute,"site:zillow.com ""tear down"" ""35217""",https://www.google.com/search?q=site%3Azillow.com+%22tear+down%22+%2235217%22
"Birmingham, AL",AL,35217,needs work,Medium,Generally permitted - verify current statute,"site:zillow.com ""needs work"" ""35217""",https://www.google.com/search?q=site%3Azillow.com+%22needs+work%22+%2235217%22
"Louisville, KY",KY,"Louisville, KY",fixer upper,High,RESTRICTED - KY HB 62: marketing equitable interest may require license,"site:zillow.com ""fixer upper"" ""Louisville, KY""",https://www.google.com/search?q=site%3Azillow.com+%22fixer+upper%22+%22Louisville%2C+KY%22
"Louisville, KY",KY,"Louisville, KY",handyman special,High,RESTRICTED - KY HB 62: marketing equitable interest may require license,"site:zillow.com ""handyman special"" ""Louisville, KY""",https://www.google.com/search?q=site%3Azillow.com+%22handyman+special%22+%22Louisville%2C+KY%22
"Louisville, KY",KY,"Louisville, KY",investor special,High,RESTRICTED - KY HB 62: marketing equitable interest may require license,"site:zillow.com ""investor special"" ""Louisville, KY""",https://www.google.com/search?q=site%3Azillow.com+%22investor+special%22+%22Louisville%2C+KY%22
"Louisville, KY",KY,"Louisville, KY",as-is,High,RESTRICTED - KY HB 62: marketing equitable interest may require license,"site:zillow.com ""as-is"" ""Louisville, KY""",https://www.google.com/search?q=site%3Azillow.com+%22as-is%22+%22Louisville%2C+KY%22
"Louisville, KY",KY,"Louisville, KY",needs TLC,High,RESTRICTED - KY HB 62: marketing equitable interest may require license,"site:zillow.com ""needs TLC"" ""Louisville, KY""",https://www.google.com/search?q=site%3Azillow.com+%22needs+TLC%22+%22Louisville%2C+KY%22
"Louisville, KY",KY,"Louisville, KY",probate,High,RESTRICTED - KY HB 62: marketing equitable interest may require license,"site:zillow.com ""probate"" ""Louisville, KY""",https://www.google.com/search?q=site%3Azillow.com+%22probate%22+%22Louisville%2C+KY%22
"Louisville, KY",KY,"Louisville, KY",estate sale,Medium,RESTRICTED - KY HB 62: marketing equitable interest may require license,"site:zillow.com ""estate sale"" ""Louisville, KY""",https://www.google.com/search?q=site%3Azillow.com+%22estate+sale%22+%22Louisville%2C+KY%22
"Louisville, KY",KY,"Louisville, KY",inherited,Medium,RESTRICTED - KY HB 62: marketing equitable interest may require license,"site:zillow.com ""inherited"" ""Louisville, KY""",https://www.google.com/search?q=site%3Azillow.com+%22inherited%22+%22Louisville%2C+KY%22
"Louisville, KY",KY,"Louisville, KY",motivated seller,High,RESTRICTED - KY HB 62: marketing equitable interest may require license,"site:zillow.com ""motivated seller"" ""Louisville, KY""",https://www.google.com/search?q=site%3Azillow.com+%22motivated+seller%22+%22Louisville%2C+KY%22
"Louisville, KY",KY,"Louisville, KY",must sell,Medium,RESTRICTED - KY HB 62: marketing equitable interest may require license,"site:zillow.com ""must sell"" ""Louisville, KY""",https://www.google.com/search?q=site%3Azillow.com+%22must+sell%22+%22Louisville%2C+KY%22
"Louisville, KY",KY,"Louisville, KY",cash only,High,RESTRICTED - KY HB 62: marketing equitable interest may require license,"site:zillow.com ""cash only"" ""Louisville, KY""",https://www.google.com/search?q=site%3Azillow.com+%22cash+only%22+%22Louisville%2C+KY%22
"Louisville, KY",KY,"Louisville, KY",bring all offers,Medium,RESTRICTED - KY HB 62: marketing equitable interest may require license,"site:zillow.com ""bring all offers"" ""Louisville, KY""",https://www.google.com/search?q=site%3Azillow.com+%22bring+all+offers%22+%22Louisville%2C+KY%22
"Louisville, KY",KY,"Louisville, KY",priced to sell,Low,RESTRICTED - KY HB 62: marketing equitable interest may require license,"site:zillow.com ""priced to sell"" ""Louisville, KY""",https://www.google.com/search?q=site%3Azillow.com+%22priced+to+sell%22+%22Louisville%2C+KY%22
"Louisville, KY",KY,"Louisville, KY",tear down,Medium,RESTRICTED - KY HB 62: marketing equitable interest may require license,"site:zillow.com ""tear down"" ""Louisville, KY""",https://www.google.com/search?q=site%3Azillow.com+%22tear+down%22+%22Louisville%2C+KY%22
"Louisville, KY",KY,"Louisville, KY",needs work,Medium,RESTRICTED - KY HB 62: marketing equitable interest may require license,"site:zillow.com ""needs work"" ""Louisville, KY""",https://www.google.com/search?q=site%3Azillow.com+%22needs+work%22+%22Louisville%2C+KY%22
"Louisville, KY",KY,40203,fixer upper,High,RESTRICTED - KY HB 62: marketing equitable interest may require license,"site:zillow.com ""fixer upper"" ""40203""",https://www.google.com/search?q=site%3Azillow.com+%22fixer+upper%22+%2240203%22
"Louisville, KY",KY,40203,handyman special,High,RESTRICTED - KY HB 62: marketing equitable interest may require license,"site:zillow.com ""handyman special"" ""40203""",https://www.google.com/search?q=site%3Azillow.com+%22handyman+special%22+%2240203%22
"Louisville, KY",KY,40203,investor special,High,RESTRICTED - KY HB 62: marketing equitable interest may require license,"site:zillow.com ""investor special"" ""40203""",https://www.google.com/search?q=site%3Azillow.com+%22investor+special%22+%2240203%22
"Louisville, KY",KY,40203,as-is,High,RESTRICTED - KY HB 62: marketing equitable interest may require license,"site:zillow.com ""as-is"" ""40203""",https://www.google.com/search?q=site%3Azillow.com+%22as-is%22+%2240203%22
"Louisville, KY",KY,40203,needs TLC,High,RESTRICTED - KY HB 62: marketing equitable interest may require license,"site:zillow.com ""needs TLC"" ""40203""",https://www.google.com/search?q=site%3Azillow.com+%22needs+TLC%22+%2240203%22
"Louisville, KY",KY,40203,probate,High,RESTRICTED - KY HB 62: marketing equitable interest may require license,"site:zillow.com ""probate"" ""40203""",https://www.google.com/search?q=site%3Azillow.com+%22probate%22+%2240203%22
"Louisville, KY",KY,40203,estate sale,Medium,RESTRICTED - KY HB 62: marketing equitable interest may require license,"site:zillow.com ""estate sale"" ""40203""",https://www.google.com/search?q=site%3Azillow.com+%22estate+sale%22+%2240203%22
"Louisville, KY",KY,40203,inherited,Medium,RESTRICTED - KY HB 62: marketing equitable interest may require license,"site:zillow.com ""inherited"" ""40203""",https://www.google.com/search?q=site%3Azillow.com+%22inherited%22+%2240203%22
"Louisville, KY",KY,40203,motivated seller,High,RESTRICTED - KY HB 62: marketing equitable interest may require license,"site:zillow.com ""motivated seller"" ""40203""",https://www.google.com/search?q=site%3Azillow.com+%22motivated+seller%22+%2240203%22
"Louisville, KY",KY,40203,must sell,Medium,RESTRICTED - KY HB 62: marketing equitable interest may require license,"site:zillow.com ""must sell"" ""40203""",https://www.google.com/search?q=site%3Azillow.com+%22must+sell%22+%2240203%22
"Louisville, KY",KY,40203,cash only,High,RESTRICTED - KY HB 62: marketing equitable interest may require license,"site:zillow.com ""cash only"" ""40203""",https://www.google.com/search?q=site%3Azillow.com+%22cash+only%22+%2240203%22
"Louisville, KY",KY,40203,bring all offers,Medium,RESTRICTED - KY HB 62: marketing equitable interest may require license,"site:zillow.com ""bring all offers"" ""40203""",https://www.google.com/search?q=site%3Azillow.com+%22bring+all+offers%22+%2240203%22
"Louisville, KY",KY,40203,priced to sell,Low,RESTRICTED - KY HB 62: marketing equitable interest may require license,"site:zillow.com ""priced to sell"" ""40203""",https://www.google.com/search?q=site%3Azillow.com+%22priced+to+sell%22+%2240203%22
"Louisville, KY",KY,40203,tear down,Medium,RESTRICTED - KY HB 62: marketing equitable interest may require license,"site:zillow.com ""tear down"" ""40203""",https://www.google.com/search?q=site%3Azillow.com+%22tear+down%22+%2240203%22
"Louisville, KY",KY,40203,needs work,Medium,RESTRICTED - KY HB 62: marketing equitable interest may require license,"site:zillow.com ""needs work"" ""40203""",https://www.google.com/search?q=site%3Azillow.com+%22needs+work%22+%2240203%22
"Louisville, KY",KY,40208,fixer upper,High,RESTRICTED - KY HB 62: marketing equitable interest may require license,"site:zillow.com ""fixer upper"" ""40208""",https://www.google.com/search?q=site%3Azillow.com+%22fixer+upper%22+%2240208%22
"Louisville, KY",KY,40208,handyman special,High,RESTRICTED - KY HB 62: marketing equitable interest may require license,"site:zillow.com ""handyman special"" ""40208""",https://www.google.com/search?q=site%3Azillow.com+%22handyman+special%22+%2240208%22
"Louisville, KY",KY,40208,investor special,High,RESTRICTED - KY HB 62: marketing equitable interest may require license,"site:zillow.com ""investor special"" ""40208""",https://www.google.com/search?q=site%3Azillow.com+%22investor+special%22+%2240208%22
"Louisville, KY",KY,40208,as-is,High,RESTRICTED - KY HB 62: marketing equitable interest may require license,"site:zillow.com ""as-is"" ""40208""",https://www.google.com/search?q=site%3Azillow.com+%22as-is%22+%2240208%22
"Louisville, KY",KY,40208,needs TLC,High,RESTRICTED - KY HB 62: marketing equitable interest may require license,"site:zillow.com ""needs TLC"" ""40208""",https://www.google.com/search?q=site%3Azillow.com+%22needs+TLC%22+%2240208%22
"Louisville, KY",KY,40208,probate,High,RESTRICTED - KY HB 62: marketing equitable interest may require license,"site:zillow.com ""probate"" ""40208""",https://www.google.com/search?q=site%3Azillow.com+%22probate%22+%2240208%22
"Louisville, KY",KY,40208,estate sale,Medium,RESTRICTED - KY HB 62: marketing equitable interest may require license,"site:zillow.com ""estate sale"" ""40208""",https://www.google.com/search?q=site%3Azillow.com+%22estate+sale%22+%2240208%22
"Louisville, KY",KY,40208,inherited,Medium,RESTRICTED - KY HB 62: marketing equitable interest may require license,"site:zillow.com ""inherited"" ""40208""",https://www.google.com/search?q=site%3Azillow.com+%22inherited%22+%2240208%22
"Louisville, KY",KY,40208,motivated seller,High,RESTRICTED - KY HB 62: marketing equitable interest may require license,"site:zillow.com ""motivated seller"" ""40208""",https://www.google.com/search?q=site%3Azillow.com+%22motivated+seller%22+%2240208%22
"Louisville, KY",KY,40208,must sell,Medium,RESTRICTED - KY HB 62: marketing equitable interest may require license,"site:zillow.com ""must sell"" ""40208""",https://www.google.com/search?q=site%3Azillow.com+%22must+sell%22+%2240208%22
"Louisville, KY",KY,40208,cash only,High,RESTRICTED - KY HB 62: marketing equitable interest may require license,"site:zillow.com ""cash only"" ""40208""",https://www.google.com/search?q=site%3Azillow.com+%22cash+only%22+%2240208%22
"Louisville, KY",KY,40208,bring all offers,Medium,RESTRICTED - KY HB 62: marketing equitable interest may require license,"site:zillow.com ""bring all offers"" ""40208""",https://www.google.com/search?q=site%3Azillow.com+%22bring+all+offers%22+%2240208%22
"Louisville, KY",KY,40208,priced to sell,Low,RESTRICTED - KY HB 62: marketing equitable interest may require license,"site:zillow.com ""priced to sell"" ""40208""",https://www.google.com/search?q=site%3Azillow.com+%22priced+to+sell%22+%2240208%22
"Louisville, KY",KY,40208,tear down,Medium,RESTRICTED - KY HB 62: marketing equitable interest may require license,"site:zillow.com ""tear down"" ""40208""",https://www.google.com/search?q=site%3Azillow.com+%22tear+down%22+%2240208%22
"Louisville, KY",KY,40208,needs work,Medium,RESTRICTED - KY HB 62: marketing equitable interest may require license,"site:zillow.com ""needs work"" ""40208""",https://www.google.com/search?q=site%3Azillow.com+%22needs+work%22+%2240208%22
"Louisville, KY",KY,40210,fixer upper,High,RESTRICTED - KY HB 62: marketing equitable interest may require license,"site:zillow.com ""fixer upper"" ""40210""",https://www.google.com/search?q=site%3Azillow.com+%22fixer+upper%22+%2240210%22
"Louisville, KY",KY,40210,handyman special,High,RESTRICTED - KY HB 62: marketing equitable interest may require license,"site:zillow.com ""handyman special"" ""40210""",https://www.google.com/search?q=site%3Azillow.com+%22handyman+special%22+%2240210%22
"Louisville, KY",KY,40210,investor special,High,RESTRICTED - KY HB 62: marketing equitable interest may require license,"site:zillow.com ""investor special"" ""40210""",https://www.google.com/search?q=site%3Azillow.com+%22investor+special%22+%2240210%22
"Louisville, KY",KY,40210,as-is,High,RESTRICTED - KY HB 62: marketing equitable interest may require license,"site:zillow.com ""as-is"" ""40210""",https://www.google.com/search?q=site%3Azillow.com+%22as-is%22+%2240210%22
"Louisville, KY",KY,40210,needs TLC,High,RESTRICTED - KY HB 62: marketing equitable interest may require license,"site:zillow.com ""needs TLC"" ""40210""",https://www.google.com/search?q=site%3Azillow.com+%22needs+TLC%22+%2240210%22
"Louisville, KY",KY,40210,probate,High,RESTRICTED - KY HB 62: marketing equitable interest may require license,"site:zillow.com ""probate"" ""40210""",https://www.google.com/search?q=site%3Azillow.com+%22probate%22+%2240210%22
"Louisville, KY",KY,40210,estate sale,Medium,RESTRICTED - KY HB 62: marketing equitable interest may require license,"site:zillow.com ""estate sale"" ""40210""",https://www.google.com/search?q=site%3Azillow.com+%22estate+sale%22+%2240210%22
"Louisville, KY",KY,40210,inherited,Medium,RESTRICTED - KY HB 62: marketing equitable interest may require license,"site:zillow.com ""inherited"" ""40210""",https://www.google.com/search?q=site%3Azillow.com+%22inherited%22+%2240210%22
"Louisville, KY",KY,40210,motivated seller,High,RESTRICTED - KY HB 62: marketing equitable interest may require license,"site:zillow.com ""motivated seller"" ""40210""",https://www.google.com/search?q=site%3Azillow.com+%22motivated+seller%22+%2240210%22
"Louisville, KY",KY,40210,must sell,Medium,RESTRICTED - KY HB 62: marketing equitable interest may require license,"site:zillow.com ""must sell"" ""40210""",https://www.google.com/search?q=site%3Azillow.com+%22must+sell%22+%2240210%22
"Louisville, KY",KY,40210,cash only,High,RESTRICTED - KY HB 62: marketing equitable interest may require license,"site:zillow.com ""cash only"" ""40210""",https://www.google.com/search?q=site%3Azillow.com+%22cash+only%22+%2240210%22
"Louisville, KY",KY,40210,bring all offers,Medium,RESTRICTED - KY HB 62: marketing equitable interest may require license,"site:zillow.com ""bring all offers"" ""40210""",https://www.google.com/search?q=site%3Azillow.com+%22bring+all+offers%22+%2240210%22
"Louisville, KY",KY,40210,priced to sell,Low,RESTRICTED - KY HB 62: marketing equitable interest may require license,"site:zillow.com ""priced to sell"" ""40210""",https://www.google.com/search?q=site%3Azillow.com+%22priced+to+sell%22+%2240210%22
"Louisville, KY",KY,40210,tear down,Medium,RESTRICTED - KY HB 62: marketing equitable interest may require license,"site:zillow.com ""tear down"" ""40210""",https://www.google.com/search?q=site%3Azillow.com+%22tear+down%22+%2240210%22
"Louisville, KY",KY,40210,needs work,Medium,RESTRICTED - KY HB 62: marketing equitable interest may require license,"site:zillow.com ""needs work"" ""40210""",https://www.google.com/search?q=site%3Azillow.com+%22needs+work%22+%2240210%22
"Louisville, KY",KY,40211,fixer upper,High,RESTRICTED - KY HB 62: marketing equitable interest may require license,"site:zillow.com ""fixer upper"" ""40211""",https://www.google.com/search?q=site%3Azillow.com+%22fixer+upper%22+%2240211%22
"Louisville, KY",KY,40211,handyman special,High,RESTRICTED - KY HB 62: marketing equitable interest may require license,"site:zillow.com ""handyman special"" ""40211""",https://www.google.com/search?q=site%3Azillow.com+%22handyman+special%22+%2240211%22
"Louisville, KY",KY,40211,investor special,High,RESTRICTED - KY HB 62: marketing equitable interest may require license,"site:zillow.com ""investor special"" ""40211""",https://www.google.com/search?q=site%3Azillow.com+%22investor+special%22+%2240211%22
"Louisville, KY",KY,40211,as-is,High,RESTRICTED - KY HB 62: marketing equitable interest may require license,"site:zillow.com ""as-is"" ""40211""",https://www.google.com/search?q=site%3Azillow.com+%22as-is%22+%2240211%22
"Louisville, KY",KY,40211,needs TLC,High,RESTRICTED - KY HB 62: marketing equitable interest may require license,"site:zillow.com ""needs TLC"" ""40211""",https://www.google.com/search?q=site%3Azillow.com+%22needs+TLC%22+%2240211%22
"Louisville, KY",KY,40211,probate,High,RESTRICTED - KY HB 62: marketing equitable interest may require license,"site:zillow.com ""probate"" ""40211""",https://www.google.com/search?q=site%3Azillow.com+%22probate%22+%2240211%22
"Louisville, KY",KY,40211,estate sale,Medium,RESTRICTED - KY HB 62: marketing equitable interest may require license,"site:zillow.com ""estate sale"" ""40211""",https://www.google.com/search?q=site%3Azillow.com+%22estate+sale%22+%2240211%22
"Louisville, KY",KY,40211,inherited,Medium,RESTRICTED - KY HB 62: marketing equitable interest may require license,"site:zillow.com ""inherited"" ""40211""",https://www.google.com/search?q=site%3Azillow.com+%22inherited%22+%2240211%22
"Louisville, KY",KY,40211,motivated seller,High,RESTRICTED - KY HB 62: marketing equitable interest may require license,"site:zillow.com ""motivated seller"" ""40211""",https://www.google.com/search?q=site%3Azillow.com+%22motivated+seller%22+%2240211%22
"Louisville, KY",KY,40211,must sell,Medium,RESTRICTED - KY HB 62: marketing equitable interest may require license,"site:zillow.com ""must sell"" ""40211""",https://www.google.com/search?q=site%3Azillow.com+%22must+sell%22+%2240211%22
"Louisville, KY",KY,40211,cash only,High,RESTRICTED - KY HB 62: marketing equitable interest may require license,"site:zillow.com ""cash only"" ""40211""",https://www.google.com/search?q=site%3Azillow.com+%22cash+only%22+%2240211%22
"Louisville, KY",KY,40211,bring all offers,Medium,RESTRICTED - KY HB 62: marketing equitable interest may require license,"site:zillow.com ""bring all offers"" ""40211""",https://www.google.com/search?q=site%3Azillow.com+%22bring+all+offers%22+%2240211%22
"Louisville, KY",KY,40211,priced to sell,Low,RESTRICTED - KY HB 62: marketing equitable interest may require license,"site:zillow.com ""priced to sell"" ""40211""",https://www.google.com/search?q=site%3Azillow.com+%22priced+to+sell%22+%2240211%22
"Louisville, KY",KY,40211,tear down,Medium,RESTRICTED - KY HB 62: marketing equitable interest may require license,"site:zillow.com ""tear down"" ""40211""",https://www.google.com/search?q=site%3Azillow.com+%22tear+down%22+%2240211%22
"Louisville, KY",KY,40211,needs work,Medium,RESTRICTED - KY HB 62: marketing equitable interest may require license,"site:zillow.com ""needs work"" ""40211""",https://www.google.com/search?q=site%3Azillow.com+%22needs+work%22+%2240211%22
"Louisville, KY",KY,40212,fixer upper,High,RESTRICTED - KY HB 62: marketing equitable interest may require license,"site:zillow.com ""fixer upper"" ""40212""",https://www.google.com/search?q=site%3Azillow.com+%22fixer+upper%22+%2240212%22
"Louisville, KY",KY,40212,handyman special,High,RESTRICTED - KY HB 62: marketing equitable interest may require license,"site:zillow.com ""handyman special"" ""40212""",https://www.google.com/search?q=site%3Azillow.com+%22handyman+special%22+%2240212%22
"Louisville, KY",KY,40212,investor special,High,RESTRICTED - KY HB 62: marketing equitable interest may require license,"site:zillow.com ""investor special"" ""40212""",https://www.google.com/search?q=site%3Azillow.com+%22investor+special%22+%2240212%22
"Louisville, KY",KY,40212,as-is,High,RESTRICTED - KY HB 62: marketing equitable interest may require license,"site:zillow.com ""as-is"" ""40212""",https://www.google.com/search?q=site%3Azillow.com+%22as-is%22+%2240212%22
"Louisville, KY",KY,40212,needs TLC,High,RESTRICTED - KY HB 62: marketing equitable interest may require license,"site:zillow.com ""needs TLC"" ""40212""",https://www.google.com/search?q=site%3Azillow.com+%22needs+TLC%22+%2240212%22
"Louisville, KY",KY,40212,probate,High,RESTRICTED - KY HB 62: marketing equitable interest may require license,"site:zillow.com ""probate"" ""40212""",https://www.google.com/search?q=site%3Azillow.com+%22probate%22+%2240212%22
"Louisville, KY",KY,40212,estate sale,Medium,RESTRICTED - KY HB 62: marketing equitable interest may require license,"site:zillow.com ""estate sale"" ""40212""",https://www.google.com/search?q=site%3Azillow.com+%22estate+sale%22+%2240212%22
"Louisville, KY",KY,40212,inherited,Medium,RESTRICTED - KY HB 62: marketing equitable interest may require license,"site:zillow.com ""inherited"" ""40212""",https://www.google.com/search?q=site%3Azillow.com+%22inherited%22+%2240212%22
"Louisville, KY",KY,40212,motivated seller,High,RESTRICTED - KY HB 62: marketing equitable interest may require license,"site:zillow.com ""motivated seller"" ""40212""",https://www.google.com/search?q=site%3Azillow.com+%22motivated+seller%22+%2240212%22
"Louisville, KY",KY,40212,must sell,Medium,RESTRICTED - KY HB 62: marketing equitable interest may require license,"site:zillow.com ""must sell"" ""40212""",https://www.google.com/search?q=site%3Azillow.com+%22must+sell%22+%2240212%22
"Louisville, KY",KY,40212,cash only,High,RESTRICTED - KY HB 62: marketing equitable interest may require license,"site:zillow.com ""cash only"" ""40212""",https://www.google.com/search?q=site%3Azillow.com+%22cash+only%22+%2240212%22
"Louisville, KY",KY,40212,bring all offers,Medium,RESTRICTED - KY HB 62: marketing equitable interest may require license,"site:zillow.com ""bring all offers"" ""40212""",https://www.google.com/search?q=site%3Azillow.com+%22bring+all+offers%22+%2240212%22
"Louisville, KY",KY,40212,priced to sell,Low,RESTRICTED - KY HB 62: marketing equitable interest may require license,"site:zillow.com ""priced to sell"" ""40212""",https://www.google.com/search?q=site%3Azillow.com+%22priced+to+sell%22+%2240212%22
"Louisville, KY",KY,40212,tear down,Medium,RESTRICTED - KY HB 62: marketing equitable interest may require license,"site:zillow.com ""tear down"" ""40212""",https://www.google.com/search?q=site%3Azillow.com+%22tear+down%22+%2240212%22
"Louisville, KY",KY,40212,needs work,Medium,RESTRICTED - KY HB 62: marketing equitable interest may require license,"site:zillow.com ""needs work"" ""40212""",https://www.google.com/search?q=site%3Azillow.com+%22needs+work%22+%2240212%22
"Louisville, KY",KY,40215,fixer upper,High,RESTRICTED - KY HB 62: marketing equitable interest may require license,"site:zillow.com ""fixer upper"" ""40215""",https://www.google.com/search?q=site%3Azillow.com+%22fixer+upper%22+%2240215%22
"Louisville, KY",KY,40215,handyman special,High,RESTRICTED - KY HB 62: marketing equitable interest may require license,"site:zillow.com ""handyman special"" ""40215""",https://www.google.com/search?q=site%3Azillow.com+%22handyman+special%22+%2240215%22
"Louisville, KY",KY,40215,investor special,High,RESTRICTED - KY HB 62: marketing equitable interest may require license,"site:zillow.com ""investor special"" ""40215""",https://www.google.com/search?q=site%3Azillow.com+%22investor+special%22+%2240215%22
"Louisville, KY",KY,40215,as-is,High,RESTRICTED - KY HB 62: marketing equitable interest may require license,"site:zillow.com ""as-is"" ""40215""",https://www.google.com/search?q=site%3Azillow.com+%22as-is%22+%2240215%22
"Louisville, KY",KY,40215,needs TLC,High,RESTRICTED - KY HB 62: marketing equitable interest may require license,"site:zillow.com ""needs TLC"" ""40215""",https://www.google.com/search?q=site%3Azillow.com+%22needs+TLC%22+%2240215%22
"Louisville, KY",KY,40215,probate,High,RESTRICTED - KY HB 62: marketing equitable interest may require license,"site:zillow.com ""probate"" ""40215""",https://www.google.com/search?q=site%3Azillow.com+%22probate%22+%2240215%22
"Louisville, KY",KY,40215,estate sale,Medium,RESTRICTED - KY HB 62: marketing equitable interest may require license,"site:zillow.com ""estate sale"" ""40215""",https://www.google.com/search?q=site%3Azillow.com+%22estate+sale%22+%2240215%22
"Louisville, KY",KY,40215,inherited,Medium,RESTRICTED - KY HB 62: marketing equitable interest may require license,"site:zillow.com ""inherited"" ""40215""",https://www.google.com/search?q=site%3Azillow.com+%22inherited%22+%2240215%22
"Louisville, KY",KY,40215,motivated seller,High,RESTRICTED - KY HB 62: marketing equitable interest may require license,"site:zillow.com ""motivated seller"" ""40215""",https://www.google.com/search?q=site%3Azillow.com+%22motivated+seller%22+%2240215%22
"Louisville, KY",KY,40215,must sell,Medium,RESTRICTED - KY HB 62: marketing equitable interest may require license,"site:zillow.com ""must sell"" ""40215""",https://www.google.com/search?q=site%3Azillow.com+%22must+sell%22+%2240215%22
"Louisville, KY",KY,40215,cash only,High,RESTRICTED - KY HB 62: marketing equitable interest may require license,"site:zillow.com ""cash only"" ""40215""",https://www.google.com/search?q=site%3Azillow.com+%22cash+only%22+%2240215%22
"Louisville, KY",KY,40215,bring all offers,Medium,RESTRICTED - KY HB 62: marketing equitable interest may require license,"site:zillow.com ""bring all offers"" ""40215""",https://www.google.com/search?q=site%3Azillow.com+%22bring+all+offers%22+%2240215%22
"Louisville, KY",KY,40215,priced to sell,Low,RESTRICTED - KY HB 62: marketing equitable interest may require license,"site:zillow.com ""priced to sell"" ""40215""",https://www.google.com/search?q=site%3Azillow.com+%22priced+to+sell%22+%2240215%22
"Louisville, KY",KY,40215,tear down,Medium,RESTRICTED - KY HB 62: marketing equitable interest may require license,"site:zillow.com ""tear down"" ""40215""",https://www.google.com/search?q=site%3Azillow.com+%22tear+down%22+%2240215%22
"Louisville, KY",KY,40215,needs work,Medium,RESTRICTED - KY HB 62: marketing equitable interest may require license,"site:zillow.com ""needs work"" ""40215""",https://www.google.com/search?q=site%3Azillow.com+%22needs+work%22+%2240215%22
"Rochester, NY",NY,"Rochester, NY",fixer upper,High,Generally permitted - verify current statute,"site:zillow.com ""fixer upper"" ""Rochester, NY""",https://www.google.com/search?q=site%3Azillow.com+%22fixer+upper%22+%22Rochester%2C+NY%22
"Rochester, NY",NY,"Rochester, NY",handyman special,High,Generally permitted - verify current statute,"site:zillow.com ""handyman special"" ""Rochester, NY""",https://www.google.com/search?q=site%3Azillow.com+%22handyman+special%22+%22Rochester%2C+NY%22
"Rochester, NY",NY,"Rochester, NY",investor special,High,Generally permitted - verify current statute,"site:zillow.com ""investor special"" ""Rochester, NY""",https://www.google.com/search?q=site%3Azillow.com+%22investor+special%22+%22Rochester%2C+NY%22
"Rochester, NY",NY,"Rochester, NY",as-is,High,Generally permitted - verify current statute,"site:zillow.com ""as-is"" ""Rochester, NY""",https://www.google.com/search?q=site%3Azillow.com+%22as-is%22+%22Rochester%2C+NY%22
"Rochester, NY",NY,"Rochester, NY",needs TLC,High,Generally permitted - verify current statute,"site:zillow.com ""needs TLC"" ""Rochester, NY""",https://www.google.com/search?q=site%3Azillow.com+%22needs+TLC%22+%22Rochester%2C+NY%22
"Rochester, NY",NY,"Rochester, NY",probate,High,Generally permitted - verify current statute,"site:zillow.com ""probate"" ""Rochester, NY""",https://www.google.com/search?q=site%3Azillow.com+%22probate%22+%22Rochester%2C+NY%22
"Rochester, NY",NY,"Rochester, NY",estate sale,Medium,Generally permitted - verify current statute,"site:zillow.com ""estate sale"" ""Rochester, NY""",https://www.google.com/search?q=site%3Azillow.com+%22estate+sale%22+%22Rochester%2C+NY%22
"Rochester, NY",NY,"Rochester, NY",inherited,Medium,Generally permitted - verify current statute,"site:zillow.com ""inherited"" ""Rochester, NY""",https://www.google.com/search?q=site%3Azillow.com+%22inherited%22+%22Rochester%2C+NY%22
"Rochester, NY",NY,"Rochester, NY",motivated seller,High,Generally permitted - verify current statute,"site:zillow.com ""motivated seller"" ""Rochester, NY""",https://www.google.com/search?q=site%3Azillow.com+%22motivated+seller%22+%22Rochester%2C+NY%22
"Rochester, NY",NY,"Rochester, NY",must sell,Medium,Generally permitted - verify current statute,"site:zillow.com ""must sell"" ""Rochester, NY""",https://www.google.com/search?q=site%3Azillow.com+%22must+sell%22+%22Rochester%2C+NY%22
"Rochester, NY",NY,"Rochester, NY",cash only,High,Generally permitted - verify current statute,"site:zillow.com ""cash only"" ""Rochester, NY""",https://www.google.com/search?q=site%3Azillow.com+%22cash+only%22+%22Rochester%2C+NY%22
"Rochester, NY",NY,"Rochester, NY",bring all offers,Medium,Generally permitted - verify current statute,"site:zillow.com ""bring all offers"" ""Rochester, NY""",https://www.google.com/search?q=site%3Azillow.com+%22bring+all+offers%22+%22Rochester%2C+NY%22
"Rochester, NY",NY,"Rochester, NY",priced to sell,Low,Generally permitted - verify current statute,"site:zillow.com ""priced to sell"" ""Rochester, NY""",https://www.google.com/search?q=site%3Azillow.com+%22priced+to+sell%22+%22Rochester%2C+NY%22
"Rochester, NY",NY,"Rochester, NY",tear down,Medium,Generally permitted - verify current statute,"site:zillow.com ""tear down"" ""Rochester, NY""",https://www.google.com/search?q=site%3Azillow.com+%22tear+down%22+%22Rochester%2C+NY%22
"Rochester, NY",NY,"Rochester, NY",needs work,Medium,Generally permitted - verify current statute,"site:zillow.com ""needs work"" ""Rochester, NY""",https://www.google.com/search?q=site%3Azillow.com+%22needs+work%22+%22Rochester%2C+NY%22
"Rochester, NY",NY,14605,fixer upper,High,Generally permitted - verify current statute,"site:zillow.com ""fixer upper"" ""14605""",https://www.google.com/search?q=site%3Azillow.com+%22fixer+upper%22+%2214605%22
"Rochester, NY",NY,14605,handyman special,High,Generally permitted - verify current statute,"site:zillow.com ""handyman special"" ""14605""",https://www.google.com/search?q=site%3Azillow.com+%22handyman+special%22+%2214605%22
"Rochester, NY",NY,14605,investor special,High,Generally permitted - verify current statute,"site:zillow.com ""investor special"" ""14605""",https://www.google.com/search?q=site%3Azillow.com+%22investor+special%22+%2214605%22
"Rochester, NY",NY,14605,as-is,High,Generally permitted - verify current statute,"site:zillow.com ""as-is"" ""14605""",https://www.google.com/search?q=site%3Azillow.com+%22as-is%22+%2214605%22
"Rochester, NY",NY,14605,needs TLC,High,Generally permitted - verify current statute,"site:zillow.com ""needs TLC"" ""14605""",https://www.google.com/search?q=site%3Azillow.com+%22needs+TLC%22+%2214605%22
"Rochester, NY",NY,14605,probate,High,Generally permitted - verify current statute,"site:zillow.com ""probate"" ""14605""",https://www.google.com/search?q=site%3Azillow.com+%22probate%22+%2214605%22
"Rochester, NY",NY,14605,estate sale,Medium,Generally permitted - verify current statute,"site:zillow.com ""estate sale"" ""14605""",https://www.google.com/search?q=site%3Azillow.com+%22estate+sale%22+%2214605%22
"Rochester, NY",NY,14605,inherited,Medium,Generally permitted - verify current statute,"site:zillow.com ""inherited"" ""14605""",https://www.google.com/search?q=site%3Azillow.com+%22inherited%22+%2214605%22
"Rochester, NY",NY,14605,motivated seller,High,Generally permitted - verify current statute,"site:zillow.com ""motivated seller"" ""14605""",https://www.google.com/search?q=site%3Azillow.com+%22motivated+seller%22+%2214605%22
"Rochester, NY",NY,14605,must sell,Medium,Generally permitted - verify current statute,"site:zillow.com ""must sell"" ""14605""",https://www.google.com/search?q=site%3Azillow.com+%22must+sell%22+%2214605%22
"Rochester, NY",NY,14605,cash only,High,Generally permitted - verify current statute,"site:zillow.com ""cash only"" ""14605""",https://www.google.com/search?q=site%3Azillow.com+%22cash+only%22+%2214605%22
"Rochester, NY",NY,14605,bring all offers,Medium,Generally permitted - verify current statute,"site:zillow.com ""bring all offers"" ""14605""",https://www.google.com/search?q=site%3Azillow.com+%22bring+all+offers%22+%2214605%22
"Rochester, NY",NY,14605,priced to sell,Low,Generally permitted - verify current statute,"site:zillow.com ""priced to sell"" ""14605""",https://www.google.com/search?q=site%3Azillow.com+%22priced+to+sell%22+%2214605%22
"Rochester, NY",NY,14605,tear down,Medium,Generally permitted - verify current statute,"site:zillow.com ""tear down"" ""14605""",https://www.google.com/search?q=site%3Azillow.com+%22tear+down%22+%2214605%22
"Rochester, NY",NY,14605,needs work,Medium,Generally permitted - verify current statute,"site:zillow.com ""needs work"" ""14605""",https://www.google.com/search?q=site%3Azillow.com+%22needs+work%22+%2214605%22
"Rochester, NY",NY,14606,fixer upper,High,Generally permitted - verify current statute,"site:zillow.com ""fixer upper"" ""14606""",https://www.google.com/search?q=site%3Azillow.com+%22fixer+upper%22+%2214606%22
"Rochester, NY",NY,14606,handyman special,High,Generally permitted - verify current statute,"site:zillow.com ""handyman special"" ""14606""",https://www.google.com/search?q=site%3Azillow.com+%22handyman+special%22+%2214606%22
"Rochester, NY",NY,14606,investor special,High,Generally permitted - verify current statute,"site:zillow.com ""investor special"" ""14606""",https://www.google.com/search?q=site%3Azillow.com+%22investor+special%22+%2214606%22
"Rochester, NY",NY,14606,as-is,High,Generally permitted - verify current statute,"site:zillow.com ""as-is"" ""14606""",https://www.google.com/search?q=site%3Azillow.com+%22as-is%22+%2214606%22
"Rochester, NY",NY,14606,needs TLC,High,Generally permitted - verify current statute,"site:zillow.com ""needs TLC"" ""14606""",https://www.google.com/search?q=site%3Azillow.com+%22needs+TLC%22+%2214606%22
"Rochester, NY",NY,14606,probate,High,Generally permitted - verify current statute,"site:zillow.com ""probate"" ""14606""",https://www.google.com/search?q=site%3Azillow.com+%22probate%22+%2214606%22
"Rochester, NY",NY,14606,estate sale,Medium,Generally permitted - verify current statute,"site:zillow.com ""estate sale"" ""14606""",https://www.google.com/search?q=site%3Azillow.com+%22estate+sale%22+%2214606%22
"Rochester, NY",NY,14606,inherited,Medium,Generally permitted - verify current statute,"site:zillow.com ""inherited"" ""14606""",https://www.google.com/search?q=site%3Azillow.com+%22inherited%22+%2214606%22
"Rochester, NY",NY,14606,motivated seller,High,Generally permitted - verify current statute,"site:zillow.com ""motivated seller"" ""14606""",https://www.google.com/search?q=site%3Azillow.com+%22motivated+seller%22+%2214606%22
"Rochester, NY",NY,14606,must sell,Medium,Generally permitted - verify current statute,"site:zillow.com ""must sell"" ""14606""",https://www.google.com/search?q=site%3Azillow.com+%22must+sell%22+%2214606%22
"Rochester, NY",NY,14606,cash only,High,Generally permitted - verify current statute,"site:zillow.com ""cash only"" ""14606""",https://www.google.com/search?q=site%3Azillow.com+%22cash+only%22+%2214606%22
"Rochester, NY",NY,14606,bring all offers,Medium,Generally permitted - verify current statute,"site:zillow.com ""bring all offers"" ""14606""",https://www.google.com/search?q=site%3Azillow.com+%22bring+all+offers%22+%2214606%22
"Rochester, NY",NY,14606,priced to sell,Low,Generally permitted - verify current statute,"site:zillow.com ""priced to sell"" ""14606""",https://www.google.com/search?q=site%3Azillow.com+%22priced+to+sell%22+%2214606%22
"Rochester, NY",NY,14606,tear down,Medium,Generally permitted - verify current statute,"site:zillow.com ""tear down"" ""14606""",https://www.google.com/search?q=site%3Azillow.com+%22tear+down%22+%2214606%22
"Rochester, NY",NY,14606,needs work,Medium,Generally permitted - verify current statute,"site:zillow.com ""needs work"" ""14606""",https://www.google.com/search?q=site%3Azillow.com+%22needs+work%22+%2214606%22
"Rochester, NY",NY,14608,fixer upper,High,Generally permitted - verify current statute,"site:zillow.com ""fixer upper"" ""14608""",https://www.google.com/search?q=site%3Azillow.com+%22fixer+upper%22+%2214608%22
"Rochester, NY",NY,14608,handyman special,High,Generally permitted - verify current statute,"site:zillow.com ""handyman special"" ""14608""",https://www.google.com/search?q=site%3Azillow.com+%22handyman+special%22+%2214608%22
"Rochester, NY",NY,14608,investor special,High,Generally permitted - verify current statute,"site:zillow.com ""investor special"" ""14608""",https://www.google.com/search?q=site%3Azillow.com+%22investor+special%22+%2214608%22
"Rochester, NY",NY,14608,as-is,High,Generally permitted - verify current statute,"site:zillow.com ""as-is"" ""14608""",https://www.google.com/search?q=site%3Azillow.com+%22as-is%22+%2214608%22
"Rochester, NY",NY,14608,needs TLC,High,Generally permitted - verify current statute,"site:zillow.com ""needs TLC"" ""14608""",https://www.google.com/search?q=site%3Azillow.com+%22needs+TLC%22+%2214608%22
"Rochester, NY",NY,14608,probate,High,Generally permitted - verify current statute,"site:zillow.com ""probate"" ""14608""",https://www.google.com/search?q=site%3Azillow.com+%22probate%22+%2214608%22
"Rochester, NY",NY,14608,estate sale,Medium,Generally permitted - verify current statute,"site:zillow.com ""estate sale"" ""14608""",https://www.google.com/search?q=site%3Azillow.com+%22estate+sale%22+%2214608%22
"Rochester, NY",NY,14608,inherited,Medium,Generally permitted - verify current statute,"site:zillow.com ""inherited"" ""14608""",https://www.google.com/search?q=site%3Azillow.com+%22inherited%22+%2214608%22
"Rochester, NY",NY,14608,motivated seller,High,Generally permitted - verify current statute,"site:zillow.com ""motivated seller"" ""14608""",https://www.google.com/search?q=site%3Azillow.com+%22motivated+seller%22+%2214608%22
"Rochester, NY",NY,14608,must sell,Medium,Generally permitted - verify current statute,"site:zillow.com ""must sell"" ""14608""",https://www.google.com/search?q=site%3Azillow.com+%22must+sell%22+%2214608%22
"Rochester, NY",NY,14608,cash only,High,Generally permitted - verify current statute,"site:zillow.com ""cash only"" ""14608""",https://www.google.com/search?q=site%3Azillow.com+%22cash+only%22+%2214608%22
"Rochester, NY",NY,14608,bring all offers,Medium,Generally permitted - verify current statute,"site:zillow.com ""bring all offers"" ""14608""",https://www.google.com/search?q=site%3Azillow.com+%22bring+all+offers%22+%2214608%22
"Rochester, NY",NY,14608,priced to sell,Low,Generally permitted - verify current statute,"site:zillow.com ""priced to sell"" ""14608""",https://www.google.com/search?q=site%3Azillow.com+%22priced+to+sell%22+%2214608%22
"Rochester, NY",NY,14608,tear down,Medium,Generally permitted - verify current statute,"site:zillow.com ""tear down"" ""14608""",https://www.google.com/search?q=site%3Azillow.com+%22tear+down%22+%2214608%22
"Rochester, NY",NY,14608,needs work,Medium,Generally permitted - verify current statute,"site:zillow.com ""needs work"" ""14608""",https://www.google.com/search?q=site%3Azillow.com+%22needs+work%22+%2214608%22
"Rochester, NY",NY,14609,fixer upper,High,Generally permitted - verify current statute,"site:zillow.com ""fixer upper"" ""14609""",https://www.google.com/search?q=site%3Azillow.com+%22fixer+upper%22+%2214609%22
"Rochester, NY",NY,14609,handyman special,High,Generally permitted - verify current statute,"site:zillow.com ""handyman special"" ""14609""",https://www.google.com/search?q=site%3Azillow.com+%22handyman+special%22+%2214609%22
"Rochester, NY",NY,14609,investor special,High,Generally permitted - verify current statute,"site:zillow.com ""investor special"" ""14609""",https://www.google.com/search?q=site%3Azillow.com+%22investor+special%22+%2214609%22
"Rochester, NY",NY,14609,as-is,High,Generally permitted - verify current statute,"site:zillow.com ""as-is"" ""14609""",https://www.google.com/search?q=site%3Azillow.com+%22as-is%22+%2214609%22
"Rochester, NY",NY,14609,needs TLC,High,Generally permitted - verify current statute,"site:zillow.com ""needs TLC"" ""14609""",https://www.google.com/search?q=site%3Azillow.com+%22needs+TLC%22+%2214609%22
"Rochester, NY",NY,14609,probate,High,Generally permitted - verify current statute,"site:zillow.com ""probate"" ""14609""",https://www.google.com/search?q=site%3Azillow.com+%22probate%22+%2214609%22
"Rochester, NY",NY,14609,estate sale,Medium,Generally permitted - verify current statute,"site:zillow.com ""estate sale"" ""14609""",https://www.google.com/search?q=site%3Azillow.com+%22estate+sale%22+%2214609%22
"Rochester, NY",NY,14609,inherited,Medium,Generally permitted - verify current statute,"site:zillow.com ""inherited"" ""14609""",https://www.google.com/search?q=site%3Azillow.com+%22inherited%22+%2214609%22
"Rochester, NY",NY,14609,motivated seller,High,Generally permitted - verify current statute,"site:zillow.com ""motivated seller"" ""14609""",https://www.google.com/search?q=site%3Azillow.com+%22motivated+seller%22+%2214609%22
"Rochester, NY",NY,14609,must sell,Medium,Generally permitted - verify current statute,"site:zillow.com ""must sell"" ""14609""",https://www.google.com/search?q=site%3Azillow.com+%22must+sell%22+%2214609%22
"Rochester, NY",NY,14609,cash only,High,Generally permitted - verify current statute,"site:zillow.com ""cash only"" ""14609""",https://www.google.com/search?q=site%3Azillow.com+%22cash+only%22+%2214609%22
"Rochester, NY",NY,14609,bring all offers,Medium,Generally permitted - verify current statute,"site:zillow.com ""bring all offers"" ""14609""",https://www.google.com/search?q=site%3Azillow.com+%22bring+all+offers%22+%2214609%22
"Rochester, NY",NY,14609,priced to sell,Low,Generally permitted - verify current statute,"site:zillow.com ""priced to sell"" ""14609""",https://www.google.com/search?q=site%3Azillow.com+%22priced+to+sell%22+%2214609%22
"Rochester, NY",NY,14609,tear down,Medium,Generally permitted - verify current statute,"site:zillow.com ""tear down"" ""14609""",https://www.google.com/search?q=site%3Azillow.com+%22tear+down%22+%2214609%22
"Rochester, NY",NY,14609,needs work,Medium,Generally permitted - verify current statute,"site:zillow.com ""needs work"" ""14609""",https://www.google.com/search?q=site%3Azillow.com+%22needs+work%22+%2214609%22
"Rochester, NY",NY,14611,fixer upper,High,Generally permitted - verify current statute,"site:zillow.com ""fixer upper"" ""14611""",https://www.google.com/search?q=site%3Azillow.com+%22fixer+upper%22+%2214611%22
"Rochester, NY",NY,14611,handyman special,High,Generally permitted - verify current statute,"site:zillow.com ""handyman special"" ""14611""",https://www.google.com/search?q=site%3Azillow.com+%22handyman+special%22+%2214611%22
"Rochester, NY",NY,14611,investor special,High,Generally permitted - verify current statute,"site:zillow.com ""investor special"" ""14611""",https://www.google.com/search?q=site%3Azillow.com+%22investor+special%22+%2214611%22
"Rochester, NY",NY,14611,as-is,High,Generally permitted - verify current statute,"site:zillow.com ""as-is"" ""14611""",https://www.google.com/search?q=site%3Azillow.com+%22as-is%22+%2214611%22
"Rochester, NY",NY,14611,needs TLC,High,Generally permitted - verify current statute,"site:zillow.com ""needs TLC"" ""14611""",https://www.google.com/search?q=site%3Azillow.com+%22needs+TLC%22+%2214611%22
"Rochester, NY",NY,14611,probate,High,Generally permitted - verify current statute,"site:zillow.com ""probate"" ""14611""",https://www.google.com/search?q=site%3Azillow.com+%22probate%22+%2214611%22
"Rochester, NY",NY,14611,estate sale,Medium,Generally permitted - verify current statute,"site:zillow.com ""estate sale"" ""14611""",https://www.google.com/search?q=site%3Azillow.com+%22estate+sale%22+%2214611%22
"Rochester, NY",NY,14611,inherited,Medium,Generally permitted - verify current statute,"site:zillow.com ""inherited"" ""14611""",https://www.google.com/search?q=site%3Azillow.com+%22inherited%22+%2214611%22
"Rochester, NY",NY,14611,motivated seller,High,Generally permitted - verify current statute,"site:zillow.com ""motivated seller"" ""14611""",https://www.google.com/search?q=site%3Azillow.com+%22motivated+seller%22+%2214611%22
"Rochester, NY",NY,14611,must sell,Medium,Generally permitted - verify current statute,"site:zillow.com ""must sell"" ""14611""",https://www.google.com/search?q=site%3Azillow.com+%22must+sell%22+%2214611%22
"Rochester, NY",NY,14611,cash only,High,Generally permitted - verify current statute,"site:zillow.com ""cash only"" ""14611""",https://www.google.com/search?q=site%3Azillow.com+%22cash+only%22+%2214611%22
"Rochester, NY",NY,14611,bring all offers,Medium,Generally permitted - verify current statute,"site:zillow.com ""bring all offers"" ""14611""",https://www.google.com/search?q=site%3Azillow.com+%22bring+all+offers%22+%2214611%22
"Rochester, NY",NY,14611,priced to sell,Low,Generally permitted - verify current statute,"site:zillow.com ""priced to sell"" ""14611""",https://www.google.com/search?q=site%3Azillow.com+%22priced+to+sell%22+%2214611%22
"Rochester, NY",NY,14611,tear down,Medium,Generally permitted - verify current statute,"site:zillow.com ""tear down"" ""14611""",https://www.google.com/search?q=site%3Azillow.com+%22tear+down%22+%2214611%22
"Rochester, NY",NY,14611,needs work,Medium,Generally permitted - verify current statute,"site:zillow.com ""needs work"" ""14611""",https://www.google.com/search?q=site%3Azillow.com+%22needs+work%22+%2214611%22
"Rochester, NY",NY,14621,fixer upper,High,Generally permitted - verify current statute,"site:zillow.com ""fixer upper"" ""14621""",https://www.google.com/search?q=site%3Azillow.com+%22fixer+upper%22+%2214621%22
"Rochester, NY",NY,14621,handyman special,High,Generally permitted - verify current statute,"site:zillow.com ""handyman special"" ""14621""",https://www.google.com/search?q=site%3Azillow.com+%22handyman+special%22+%2214621%22
"Rochester, NY",NY,14621,investor special,High,Generally permitted - verify current statute,"site:zillow.com ""investor special"" ""14621""",https://www.google.com/search?q=site%3Azillow.com+%22investor+special%22+%2214621%22
"Rochester, NY",NY,14621,as-is,High,Generally permitted - verify current statute,"site:zillow.com ""as-is"" ""14621""",https://www.google.com/search?q=site%3Azillow.com+%22as-is%22+%2214621%22
"Rochester, NY",NY,14621,needs TLC,High,Generally permitted - verify current statute,"site:zillow.com ""needs TLC"" ""14621""",https://www.google.com/search?q=site%3Azillow.com+%22needs+TLC%22+%2214621%22
"Rochester, NY",NY,14621,probate,High,Generally permitted - verify current statute,"site:zillow.com ""probate"" ""14621""",https://www.google.com/search?q=site%3Azillow.com+%22probate%22+%2214621%22
"Rochester, NY",NY,14621,estate sale,Medium,Generally permitted - verify current statute,"site:zillow.com ""estate sale"" ""14621""",https://www.google.com/search?q=site%3Azillow.com+%22estate+sale%22+%2214621%22
"Rochester, NY",NY,14621,inherited,Medium,Generally permitted - verify current statute,"site:zillow.com ""inherited"" ""14621""",https://www.google.com/search?q=site%3Azillow.com+%22inherited%22+%2214621%22
"Rochester, NY",NY,14621,motivated seller,High,Generally permitted - verify current statute,"site:zillow.com ""motivated seller"" ""14621""",https://www.google.com/search?q=site%3Azillow.com+%22motivated+seller%22+%2214621%22
"Rochester, NY",NY,14621,must sell,Medium,Generally permitted - verify current statute,"site:zillow.com ""must sell"" ""14621""",https://www.google.com/search?q=site%3Azillow.com+%22must+sell%22+%2214621%22
"Rochester, NY",NY,14621,cash only,High,Generally permitted - verify current statute,"site:zillow.com ""cash only"" ""14621""",https://www.google.com/search?q=site%3Azillow.com+%22cash+only%22+%2214621%22
"Rochester, NY",NY,14621,bring all offers,Medium,Generally permitted - verify current statute,"site:zillow.com ""bring all offers"" ""14621""",https://www.google.com/search?q=site%3Azillow.com+%22bring+all+offers%22+%2214621%22
"Rochester, NY",NY,14621,priced to sell,Low,Generally permitted - verify current statute,"site:zillow.com ""priced to sell"" ""14621""",https://www.google.com/search?q=site%3Azillow.com+%22priced+to+sell%22+%2214621%22
"Rochester, NY",NY,14621,tear down,Medium,Generally permitted - verify current statute,"site:zillow.com ""tear down"" ""14621""",https://www.google.com/search?q=site%3Azillow.com+%22tear+down%22+%2214621%22
"Rochester, NY",NY,14621,needs work,Medium,Generally permitted - verify current statute,"site:zillow.com ""needs work"" ""14621""",https://www.google.com/search?q=site%3Azillow.com+%22needs+work%22+%2214621%22
"Columbus, OH",OH,"Columbus, OH",fixer upper,High,VERIFY - conflicting reports on OH SB 155 disclosure requirement,"site:zillow.com ""fixer upper"" ""Columbus, OH""",https://www.google.com/search?q=site%3Azillow.com+%22fixer+upper%22+%22Columbus%2C+OH%22
"Columbus, OH",OH,"Columbus, OH",handyman special,High,VERIFY - conflicting reports on OH SB 155 disclosure requirement,"site:zillow.com ""handyman special"" ""Columbus, OH""",https://www.google.com/search?q=site%3Azillow.com+%22handyman+special%22+%22Columbus%2C+OH%22
"Columbus, OH",OH,"Columbus, OH",investor special,High,VERIFY - conflicting reports on OH SB 155 disclosure requirement,"site:zillow.com ""investor special"" ""Columbus, OH""",https://www.google.com/search?q=site%3Azillow.com+%22investor+special%22+%22Columbus%2C+OH%22
"Columbus, OH",OH,"Columbus, OH",as-is,High,VERIFY - conflicting reports on OH SB 155 disclosure requirement,"site:zillow.com ""as-is"" ""Columbus, OH""",https://www.google.com/search?q=site%3Azillow.com+%22as-is%22+%22Columbus%2C+OH%22
"Columbus, OH",OH,"Columbus, OH",needs TLC,High,VERIFY - conflicting reports on OH SB 155 disclosure requirement,"site:zillow.com ""needs TLC"" ""Columbus, OH""",https://www.google.com/search?q=site%3Azillow.com+%22needs+TLC%22+%22Columbus%2C+OH%22
"Columbus, OH",OH,"Columbus, OH",probate,High,VERIFY - conflicting reports on OH SB 155 disclosure requirement,"site:zillow.com ""probate"" ""Columbus, OH""",https://www.google.com/search?q=site%3Azillow.com+%22probate%22+%22Columbus%2C+OH%22
"Columbus, OH",OH,"Columbus, OH",estate sale,Medium,VERIFY - conflicting reports on OH SB 155 disclosure requirement,"site:zillow.com ""estate sale"" ""Columbus, OH""",https://www.google.com/search?q=site%3Azillow.com+%22estate+sale%22+%22Columbus%2C+OH%22
"Columbus, OH",OH,"Columbus, OH",inherited,Medium,VERIFY - conflicting reports on OH SB 155 disclosure requirement,"site:zillow.com ""inherited"" ""Columbus, OH""",https://www.google.com/search?q=site%3Azillow.com+%22inherited%22+%22Columbus%2C+OH%22
"Columbus, OH",OH,"Columbus, OH",motivated seller,High,VERIFY - conflicting reports on OH SB 155 disclosure requirement,"site:zillow.com ""motivated seller"" ""Columbus, OH""",https://www.google.com/search?q=site%3Azillow.com+%22motivated+seller%22+%22Columbus%2C+OH%22
"Columbus, OH",OH,"Columbus, OH",must sell,Medium,VERIFY - conflicting reports on OH SB 155 disclosure requirement,"site:zillow.com ""must sell"" ""Columbus, OH""",https://www.google.com/search?q=site%3Azillow.com+%22must+sell%22+%22Columbus%2C+OH%22
"Columbus, OH",OH,"Columbus, OH",cash only,High,VERIFY - conflicting reports on OH SB 155 disclosure requirement,"site:zillow.com ""cash only"" ""Columbus, OH""",https://www.google.com/search?q=site%3Azillow.com+%22cash+only%22+%22Columbus%2C+OH%22
"Columbus, OH",OH,"Columbus, OH",bring all offers,Medium,VERIFY - conflicting reports on OH SB 155 disclosure requirement,"site:zillow.com ""bring all offers"" ""Columbus, OH""",https://www.google.com/search?q=site%3Azillow.com+%22bring+all+offers%22+%22Columbus%2C+OH%22
"Columbus, OH",OH,"Columbus, OH",priced to sell,Low,VERIFY - conflicting reports on OH SB 155 disclosure requirement,"site:zillow.com ""priced to sell"" ""Columbus, OH""",https://www.google.com/search?q=site%3Azillow.com+%22priced+to+sell%22+%22Columbus%2C+OH%22
"Columbus, OH",OH,"Columbus, OH",tear down,Medium,VERIFY - conflicting reports on OH SB 155 disclosure requirement,"site:zillow.com ""tear down"" ""Columbus, OH""",https://www.google.com/search?q=site%3Azillow.com+%22tear+down%22+%22Columbus%2C+OH%22
"Columbus, OH",OH,"Columbus, OH",needs work,Medium,VERIFY - conflicting reports on OH SB 155 disclosure requirement,"site:zillow.com ""needs work"" ""Columbus, OH""",https://www.google.com/search?q=site%3Azillow.com+%22needs+work%22+%22Columbus%2C+OH%22
"Columbus, OH",OH,43203,fixer upper,High,VERIFY - conflicting reports on OH SB 155 disclosure requirement,"site:zillow.com ""fixer upper"" ""43203""",https://www.google.com/search?q=site%3Azillow.com+%22fixer+upper%22+%2243203%22
"Columbus, OH",OH,43203,handyman special,High,VERIFY - conflicting reports on OH SB 155 disclosure requirement,"site:zillow.com ""handyman special"" ""43203""",https://www.google.com/search?q=site%3Azillow.com+%22handyman+special%22+%2243203%22
"Columbus, OH",OH,43203,investor special,High,VERIFY - conflicting reports on OH SB 155 disclosure requirement,"site:zillow.com ""investor special"" ""43203""",https://www.google.com/search?q=site%3Azillow.com+%22investor+special%22+%2243203%22
"Columbus, OH",OH,43203,as-is,High,VERIFY - conflicting reports on OH SB 155 disclosure requirement,"site:zillow.com ""as-is"" ""43203""",https://www.google.com/search?q=site%3Azillow.com+%22as-is%22+%2243203%22
"Columbus, OH",OH,43203,needs TLC,High,VERIFY - conflicting reports on OH SB 155 disclosure requirement,"site:zillow.com ""needs TLC"" ""43203""",https://www.google.com/search?q=site%3Azillow.com+%22needs+TLC%22+%2243203%22
"Columbus, OH",OH,43203,probate,High,VERIFY - conflicting reports on OH SB 155 disclosure requirement,"site:zillow.com ""probate"" ""43203""",https://www.google.com/search?q=site%3Azillow.com+%22probate%22+%2243203%22
"Columbus, OH",OH,43203,estate sale,Medium,VERIFY - conflicting reports on OH SB 155 disclosure requirement,"site:zillow.com ""estate sale"" ""43203""",https://www.google.com/search?q=site%3Azillow.com+%22estate+sale%22+%2243203%22
"Columbus, OH",OH,43203,inherited,Medium,VERIFY - conflicting reports on OH SB 155 disclosure requirement,"site:zillow.com ""inherited"" ""43203""",https://www.google.com/search?q=site%3Azillow.com+%22inherited%22+%2243203%22
"Columbus, OH",OH,43203,motivated seller,High,VERIFY - conflicting reports on OH SB 155 disclosure requirement,"site:zillow.com ""motivated seller"" ""43203""",https://www.google.com/search?q=site%3Azillow.com+%22motivated+seller%22+%2243203%22
"Columbus, OH",OH,43203,must sell,Medium,VERIFY - conflicting reports on OH SB 155 disclosure requirement,"site:zillow.com ""must sell"" ""43203""",https://www.google.com/search?q=site%3Azillow.com+%22must+sell%22+%2243203%22
"Columbus, OH",OH,43203,cash only,High,VERIFY - conflicting reports on OH SB 155 disclosure requirement,"site:zillow.com ""cash only"" ""43203""",https://www.google.com/search?q=site%3Azillow.com+%22cash+only%22+%2243203%22
"Columbus, OH",OH,43203,bring all offers,Medium,VERIFY - conflicting reports on OH SB 155 disclosure requirement,"site:zillow.com ""bring all offers"" ""43203""",https://www.google.com/search?q=site%3Azillow.com+%22bring+all+offers%22+%2243203%22
"Columbus, OH",OH,43203,priced to sell,Low,VERIFY - conflicting reports on OH SB 155 disclosure requirement,"site:zillow.com ""priced to sell"" ""43203""",https://www.google.com/search?q=site%3Azillow.com+%22priced+to+sell%22+%2243203%22
"Columbus, OH",OH,43203,tear down,Medium,VERIFY - conflicting reports on OH SB 155 disclosure requirement,"site:zillow.com ""tear down"" ""43203""",https://www.google.com/search?q=site%3Azillow.com+%22tear+down%22+%2243203%22
"Columbus, OH",OH,43203,needs work,Medium,VERIFY - conflicting reports on OH SB 155 disclosure requirement,"site:zillow.com ""needs work"" ""43203""",https://www.google.com/search?q=site%3Azillow.com+%22needs+work%22+%2243203%22
"Columbus, OH",OH,43204,fixer upper,High,VERIFY - conflicting reports on OH SB 155 disclosure requirement,"site:zillow.com ""fixer upper"" ""43204""",https://www.google.com/search?q=site%3Azillow.com+%22fixer+upper%22+%2243204%22
"Columbus, OH",OH,43204,handyman special,High,VERIFY - conflicting reports on OH SB 155 disclosure requirement,"site:zillow.com ""handyman special"" ""43204""",https://www.google.com/search?q=site%3Azillow.com+%22handyman+special%22+%2243204%22
"Columbus, OH",OH,43204,investor special,High,VERIFY - conflicting reports on OH SB 155 disclosure requirement,"site:zillow.com ""investor special"" ""43204""",https://www.google.com/search?q=site%3Azillow.com+%22investor+special%22+%2243204%22
"Columbus, OH",OH,43204,as-is,High,VERIFY - conflicting reports on OH SB 155 disclosure requirement,"site:zillow.com ""as-is"" ""43204""",https://www.google.com/search?q=site%3Azillow.com+%22as-is%22+%2243204%22
"Columbus, OH",OH,43204,needs TLC,High,VERIFY - conflicting reports on OH SB 155 disclosure requirement,"site:zillow.com ""needs TLC"" ""43204""",https://www.google.com/search?q=site%3Azillow.com+%22needs+TLC%22+%2243204%22
"Columbus, OH",OH,43204,probate,High,VERIFY - conflicting reports on OH SB 155 disclosure requirement,"site:zillow.com ""probate"" ""43204""",https://www.google.com/search?q=site%3Azillow.com+%22probate%22+%2243204%22
"Columbus, OH",OH,43204,estate sale,Medium,VERIFY - conflicting reports on OH SB 155 disclosure requirement,"site:zillow.com ""estate sale"" ""43204""",https://www.google.com/search?q=site%3Azillow.com+%22estate+sale%22+%2243204%22
"Columbus, OH",OH,43204,inherited,Medium,VERIFY - conflicting reports on OH SB 155 disclosure requirement,"site:zillow.com ""inherited"" ""43204""",https://www.google.com/search?q=site%3Azillow.com+%22inherited%22+%2243204%22
"Columbus, OH",OH,43204,motivated seller,High,VERIFY - conflicting reports on OH SB 155 disclosure requirement,"site:zillow.com ""motivated seller"" ""43204""",https://www.google.com/search?q=site%3Azillow.com+%22motivated+seller%22+%2243204%22
"Columbus, OH",OH,43204,must sell,Medium,VERIFY - conflicting reports on OH SB 155 disclosure requirement,"site:zillow.com ""must sell"" ""43204""",https://www.google.com/search?q=site%3Azillow.com+%22must+sell%22+%2243204%22
"Columbus, OH",OH,43204,cash only,High,VERIFY - conflicting reports on OH SB 155 disclosure requirement,"site:zillow.com ""cash only"" ""43204""",https://www.google.com/search?q=site%3Azillow.com+%22cash+only%22+%2243204%22
"Columbus, OH",OH,43204,bring all offers,Medium,VERIFY - conflicting reports on OH SB 155 disclosure requirement,"site:zillow.com ""bring all offers"" ""43204""",https://www.google.com/search?q=site%3Azillow.com+%22bring+all+offers%22+%2243204%22
"Columbus, OH",OH,43204,priced to sell,Low,VERIFY - conflicting reports on OH SB 155 disclosure requirement,"site:zillow.com ""priced to sell"" ""43204""",https://www.google.com/search?q=site%3Azillow.com+%22priced+to+sell%22+%2243204%22
"Columbus, OH",OH,43204,tear down,Medium,VERIFY - conflicting reports on OH SB 155 disclosure requirement,"site:zillow.com ""tear down"" ""43204""",https://www.google.com/search?q=site%3Azillow.com+%22tear+down%22+%2243204%22
"Columbus, OH",OH,43204,needs work,Medium,VERIFY - conflicting reports on OH SB 155 disclosure requirement,"site:zillow.com ""needs work"" ""43204""",https://www.google.com/search?q=site%3Azillow.com+%22needs+work%22+%2243204%22
"Columbus, OH",OH,43205,fixer upper,High,VERIFY - conflicting reports on OH SB 155 disclosure requirement,"site:zillow.com ""fixer upper"" ""43205""",https://www.google.com/search?q=site%3Azillow.com+%22fixer+upper%22+%2243205%22
"Columbus, OH",OH,43205,handyman special,High,VERIFY - conflicting reports on OH SB 155 disclosure requirement,"site:zillow.com ""handyman special"" ""43205""",https://www.google.com/search?q=site%3Azillow.com+%22handyman+special%22+%2243205%22
"Columbus, OH",OH,43205,investor special,High,VERIFY - conflicting reports on OH SB 155 disclosure requirement,"site:zillow.com ""investor special"" ""43205""",https://www.google.com/search?q=site%3Azillow.com+%22investor+special%22+%2243205%22
"Columbus, OH",OH,43205,as-is,High,VERIFY - conflicting reports on OH SB 155 disclosure requirement,"site:zillow.com ""as-is"" ""43205""",https://www.google.com/search?q=site%3Azillow.com+%22as-is%22+%2243205%22
"Columbus, OH",OH,43205,needs TLC,High,VERIFY - conflicting reports on OH SB 155 disclosure requirement,"site:zillow.com ""needs TLC"" ""43205""",https://www.google.com/search?q=site%3Azillow.com+%22needs+TLC%22+%2243205%22
"Columbus, OH",OH,43205,probate,High,VERIFY - conflicting reports on OH SB 155 disclosure requirement,"site:zillow.com ""probate"" ""43205""",https://www.google.com/search?q=site%3Azillow.com+%22probate%22+%2243205%22
"Columbus, OH",OH,43205,estate sale,Medium,VERIFY - conflicting reports on OH SB 155 disclosure requirement,"site:zillow.com ""estate sale"" ""43205""",https://www.google.com/search?q=site%3Azillow.com+%22estate+sale%22+%2243205%22
"Columbus, OH",OH,43205,inherited,Medium,VERIFY - conflicting reports on OH SB 155 disclosure requirement,"site:zillow.com ""inherited"" ""43205""",https://www.google.com/search?q=site%3Azillow.com+%22inherited%22+%2243205%22
"Columbus, OH",OH,43205,motivated seller,High,VERIFY - conflicting reports on OH SB 155 disclosure requirement,"site:zillow.com ""motivated seller"" ""43205""",https://www.google.com/search?q=site%3Azillow.com+%22motivated+seller%22+%2243205%22
"Columbus, OH",OH,43205,must sell,Medium,VERIFY - conflicting reports on OH SB 155 disclosure requirement,"site:zillow.com ""must sell"" ""43205""",https://www.google.com/search?q=site%3Azillow.com+%22must+sell%22+%2243205%22
"Columbus, OH",OH,43205,cash only,High,VERIFY - conflicting reports on OH SB 155 disclosure requirement,"site:zillow.com ""cash only"" ""43205""",https://www.google.com/search?q=site%3Azillow.com+%22cash+only%22+%2243205%22
"Columbus, OH",OH,43205,bring all offers,Medium,VERIFY - conflicting reports on OH SB 155 disclosure requirement,"site:zillow.com ""bring all offers"" ""43205""",https://www.google.com/search?q=site%3Azillow.com+%22bring+all+offers%22+%2243205%22
"Columbus, OH",OH,43205,priced to sell,Low,VERIFY - conflicting reports on OH SB 155 disclosure requirement,"site:zillow.com ""priced to sell"" ""43205""",https://www.google.com/search?q=site%3Azillow.com+%22priced+to+sell%22+%2243205%22
"Columbus, OH",OH,43205,tear down,Medium,VERIFY - conflicting reports on OH SB 155 disclosure requirement,"site:zillow.com ""tear down"" ""43205""",https://www.google.com/search?q=site%3Azillow.com+%22tear+down%22+%2243205%22
"Columbus, OH",OH,43205,needs work,Medium,VERIFY - conflicting reports on OH SB 155 disclosure requirement,"site:zillow.com ""needs work"" ""43205""",https://www.google.com/search?q=site%3Azillow.com+%22needs+work%22+%2243205%22
"Columbus, OH",OH,43206,fixer upper,High,VERIFY - conflicting reports on OH SB 155 disclosure requirement,"site:zillow.com ""fixer upper"" ""43206""",https://www.google.com/search?q=site%3Azillow.com+%22fixer+upper%22+%2243206%22
"Columbus, OH",OH,43206,handyman special,High,VERIFY - conflicting reports on OH SB 155 disclosure requirement,"site:zillow.com ""handyman special"" ""43206""",https://www.google.com/search?q=site%3Azillow.com+%22handyman+special%22+%2243206%22
"Columbus, OH",OH,43206,investor special,High,VERIFY - conflicting reports on OH SB 155 disclosure requirement,"site:zillow.com ""investor special"" ""43206""",https://www.google.com/search?q=site%3Azillow.com+%22investor+special%22+%2243206%22
"Columbus, OH",OH,43206,as-is,High,VERIFY - conflicting reports on OH SB 155 disclosure requirement,"site:zillow.com ""as-is"" ""43206""",https://www.google.com/search?q=site%3Azillow.com+%22as-is%22+%2243206%22
"Columbus, OH",OH,43206,needs TLC,High,VERIFY - conflicting reports on OH SB 155 disclosure requirement,"site:zillow.com ""needs TLC"" ""43206""",https://www.google.com/search?q=site%3Azillow.com+%22needs+TLC%22+%2243206%22
"Columbus, OH",OH,43206,probate,High,VERIFY - conflicting reports on OH SB 155 disclosure requirement,"site:zillow.com ""probate"" ""43206""",https://www.google.com/search?q=site%3Azillow.com+%22probate%22+%2243206%22
"Columbus, OH",OH,43206,estate sale,Medium,VERIFY - conflicting reports on OH SB 155 disclosure requirement,"site:zillow.com ""estate sale"" ""43206""",https://www.google.com/search?q=site%3Azillow.com+%22estate+sale%22+%2243206%22
"Columbus, OH",OH,43206,inherited,Medium,VERIFY - conflicting reports on OH SB 155 disclosure requirement,"site:zillow.com ""inherited"" ""43206""",https://www.google.com/search?q=site%3Azillow.com+%22inherited%22+%2243206%22
"Columbus, OH",OH,43206,motivated seller,High,VERIFY - conflicting reports on OH SB 155 disclosure requirement,"site:zillow.com ""motivated seller"" ""43206""",https://www.google.com/search?q=site%3Azillow.com+%22motivated+seller%22+%2243206%22
"Columbus, OH",OH,43206,must sell,Medium,VERIFY - conflicting reports on OH SB 155 disclosure requirement,"site:zillow.com ""must sell"" ""43206""",https://www.google.com/search?q=site%3Azillow.com+%22must+sell%22+%2243206%22
"Columbus, OH",OH,43206,cash only,High,VERIFY - conflicting reports on OH SB 155 disclosure requirement,"site:zillow.com ""cash only"" ""43206""",https://www.google.com/search?q=site%3Azillow.com+%22cash+only%22+%2243206%22
"Columbus, OH",OH,43206,bring all offers,Medium,VERIFY - conflicting reports on OH SB 155 disclosure requirement,"site:zillow.com ""bring all offers"" ""43206""",https://www.google.com/search?q=site%3Azillow.com+%22bring+all+offers%22+%2243206%22
"Columbus, OH",OH,43206,priced to sell,Low,VERIFY - conflicting reports on OH SB 155 disclosure requirement,"site:zillow.com ""priced to sell"" ""43206""",https://www.google.com/search?q=site%3Azillow.com+%22priced+to+sell%22+%2243206%22
"Columbus, OH",OH,43206,tear down,Medium,VERIFY - conflicting reports on OH SB 155 disclosure requirement,"site:zillow.com ""tear down"" ""43206""",https://www.google.com/search?q=site%3Azillow.com+%22tear+down%22+%2243206%22
"Columbus, OH",OH,43206,needs work,Medium,VERIFY - conflicting reports on OH SB 155 disclosure requirement,"site:zillow.com ""needs work"" ""43206""",https://www.google.com/search?q=site%3Azillow.com+%22needs+work%22+%2243206%22
"Columbus, OH",OH,43207,fixer upper,High,VERIFY - conflicting reports on OH SB 155 disclosure requirement,"site:zillow.com ""fixer upper"" ""43207""",https://www.google.com/search?q=site%3Azillow.com+%22fixer+upper%22+%2243207%22
"Columbus, OH",OH,43207,handyman special,High,VERIFY - conflicting reports on OH SB 155 disclosure requirement,"site:zillow.com ""handyman special"" ""43207""",https://www.google.com/search?q=site%3Azillow.com+%22handyman+special%22+%2243207%22
"Columbus, OH",OH,43207,investor special,High,VERIFY - conflicting reports on OH SB 155 disclosure requirement,"site:zillow.com ""investor special"" ""43207""",https://www.google.com/search?q=site%3Azillow.com+%22investor+special%22+%2243207%22
"Columbus, OH",OH,43207,as-is,High,VERIFY - conflicting reports on OH SB 155 disclosure requirement,"site:zillow.com ""as-is"" ""43207""",https://www.google.com/search?q=site%3Azillow.com+%22as-is%22+%2243207%22
"Columbus, OH",OH,43207,needs TLC,High,VERIFY - conflicting reports on OH SB 155 disclosure requirement,"site:zillow.com ""needs TLC"" ""43207""",https://www.google.com/search?q=site%3Azillow.com+%22needs+TLC%22+%2243207%22
"Columbus, OH",OH,43207,probate,High,VERIFY - conflicting reports on OH SB 155 disclosure requirement,"site:zillow.com ""probate"" ""43207""",https://www.google.com/search?q=site%3Azillow.com+%22probate%22+%2243207%22
"Columbus, OH",OH,43207,estate sale,Medium,VERIFY - conflicting reports on OH SB 155 disclosure requirement,"site:zillow.com ""estate sale"" ""43207""",https://www.google.com/search?q=site%3Azillow.com+%22estate+sale%22+%2243207%22
"Columbus, OH",OH,43207,inherited,Medium,VERIFY - conflicting reports on OH SB 155 disclosure requirement,"site:zillow.com ""inherited"" ""43207""",https://www.google.com/search?q=site%3Azillow.com+%22inherited%22+%2243207%22
"Columbus, OH",OH,43207,motivated seller,High,VERIFY - conflicting reports on OH SB 155 disclosure requirement,"site:zillow.com ""motivated seller"" ""43207""",https://www.google.com/search?q=site%3Azillow.com+%22motivated+seller%22+%2243207%22
"Columbus, OH",OH,43207,must sell,Medium,VERIFY - conflicting reports on OH SB 155 disclosure requirement,"site:zillow.com ""must sell"" ""43207""",https://www.google.com/search?q=site%3Azillow.com+%22must+sell%22+%2243207%22
"Columbus, OH",OH,43207,cash only,High,VERIFY - conflicting reports on OH SB 155 disclosure requirement,"site:zillow.com ""cash only"" ""43207""",https://www.google.com/search?q=site%3Azillow.com+%22cash+only%22+%2243207%22
"Columbus, OH",OH,43207,bring all offers,Medium,VERIFY - conflicting reports on OH SB 155 disclosure requirement,"site:zillow.com ""bring all offers"" ""43207""",https://www.google.com/search?q=site%3Azillow.com+%22bring+all+offers%22+%2243207%22
"Columbus, OH",OH,43207,priced to sell,Low,VERIFY - conflicting reports on OH SB 155 disclosure requirement,"site:zillow.com ""priced to sell"" ""43207""",https://www.google.com/search?q=site%3Azillow.com+%22priced+to+sell%22+%2243207%22
"Columbus, OH",OH,43207,tear down,Medium,VERIFY - conflicting reports on OH SB 155 disclosure requirement,"site:zillow.com ""tear down"" ""43207""",https://www.google.com/search?q=site%3Azillow.com+%22tear+down%22+%2243207%22
"Columbus, OH",OH,43207,needs work,Medium,VERIFY - conflicting reports on OH SB 155 disclosure requirement,"site:zillow.com ""needs work"" ""43207""",https://www.google.com/search?q=site%3Azillow.com+%22needs+work%22+%2243207%22
"Columbus, OH",OH,43211,fixer upper,High,VERIFY - conflicting reports on OH SB 155 disclosure requirement,"site:zillow.com ""fixer upper"" ""43211""",https://www.google.com/search?q=site%3Azillow.com+%22fixer+upper%22+%2243211%22
"Columbus, OH",OH,43211,handyman special,High,VERIFY - conflicting reports on OH SB 155 disclosure requirement,"site:zillow.com ""handyman special"" ""43211""",https://www.google.com/search?q=site%3Azillow.com+%22handyman+special%22+%2243211%22
"Columbus, OH",OH,43211,investor special,High,VERIFY - conflicting reports on OH SB 155 disclosure requirement,"site:zillow.com ""investor special"" ""43211""",https://www.google.com/search?q=site%3Azillow.com+%22investor+special%22+%2243211%22
"Columbus, OH",OH,43211,as-is,High,VERIFY - conflicting reports on OH SB 155 disclosure requirement,"site:zillow.com ""as-is"" ""43211""",https://www.google.com/search?q=site%3Azillow.com+%22as-is%22+%2243211%22
"Columbus, OH",OH,43211,needs TLC,High,VERIFY - conflicting reports on OH SB 155 disclosure requirement,"site:zillow.com ""needs TLC"" ""43211""",https://www.google.com/search?q=site%3Azillow.com+%22needs+TLC%22+%2243211%22
"Columbus, OH",OH,43211,probate,High,VERIFY - conflicting reports on OH SB 155 disclosure requirement,"site:zillow.com ""probate"" ""43211""",https://www.google.com/search?q=site%3Azillow.com+%22probate%22+%2243211%22
"Columbus, OH",OH,43211,estate sale,Medium,VERIFY - conflicting reports on OH SB 155 disclosure requirement,"site:zillow.com ""estate sale"" ""43211""",https://www.google.com/search?q=site%3Azillow.com+%22estate+sale%22+%2243211%22
"Columbus, OH",OH,43211,inherited,Medium,VERIFY - conflicting reports on OH SB 155 disclosure requirement,"site:zillow.com ""inherited"" ""43211""",https://www.google.com/search?q=site%3Azillow.com+%22inherited%22+%2243211%22
"Columbus, OH",OH,43211,motivated seller,High,VERIFY - conflicting reports on OH SB 155 disclosure requirement,"site:zillow.com ""motivated seller"" ""43211""",https://www.google.com/search?q=site%3Azillow.com+%22motivated+seller%22+%2243211%22
"Columbus, OH",OH,43211,must sell,Medium,VERIFY - conflicting reports on OH SB 155 disclosure requirement,"site:zillow.com ""must sell"" ""43211""",https://www.google.com/search?q=site%3Azillow.com+%22must+sell%22+%2243211%22
"Columbus, OH",OH,43211,cash only,High,VERIFY - conflicting reports on OH SB 155 disclosure requirement,"site:zillow.com ""cash only"" ""43211""",https://www.google.com/search?q=site%3Azillow.com+%22cash+only%22+%2243211%22
"Columbus, OH",OH,43211,bring all offers,Medium,VERIFY - conflicting reports on OH SB 155 disclosure requirement,"site:zillow.com ""bring all offers"" ""43211""",https://www.google.com/search?q=site%3Azillow.com+%22bring+all+offers%22+%2243211%22
"Columbus, OH",OH,43211,priced to sell,Low,VERIFY - conflicting reports on OH SB 155 disclosure requirement,"site:zillow.com ""priced to sell"" ""43211""",https://www.google.com/search?q=site%3Azillow.com+%22priced+to+sell%22+%2243211%22
"Columbus, OH",OH,43211,tear down,Medium,VERIFY - conflicting reports on OH SB 155 disclosure requirement,"site:zillow.com ""tear down"" ""43211""",https://www.google.com/search?q=site%3Azillow.com+%22tear+down%22+%2243211%22
"Columbus, OH",OH,43211,needs work,Medium,VERIFY - conflicting reports on OH SB 155 disclosure requirement,"site:zillow.com ""needs work"" ""43211""",https://www.google.com/search?q=site%3Azillow.com+%22needs+work%22+%2243211%22
"Hartford, CT",CT,"Hartford, CT",fixer upper,High,Generally permitted - verify current statute,"site:zillow.com ""fixer upper"" ""Hartford, CT""",https://www.google.com/search?q=site%3Azillow.com+%22fixer+upper%22+%22Hartford%2C+CT%22
"Hartford, CT",CT,"Hartford, CT",handyman special,High,Generally permitted - verify current statute,"site:zillow.com ""handyman special"" ""Hartford, CT""",https://www.google.com/search?q=site%3Azillow.com+%22handyman+special%22+%22Hartford%2C+CT%22
"Hartford, CT",CT,"Hartford, CT",investor special,High,Generally permitted - verify current statute,"site:zillow.com ""investor special"" ""Hartford, CT""",https://www.google.com/search?q=site%3Azillow.com+%22investor+special%22+%22Hartford%2C+CT%22
"Hartford, CT",CT,"Hartford, CT",as-is,High,Generally permitted - verify current statute,"site:zillow.com ""as-is"" ""Hartford, CT""",https://www.google.com/search?q=site%3Azillow.com+%22as-is%22+%22Hartford%2C+CT%22
"Hartford, CT",CT,"Hartford, CT",needs TLC,High,Generally permitted - verify current statute,"site:zillow.com ""needs TLC"" ""Hartford, CT""",https://www.google.com/search?q=site%3Azillow.com+%22needs+TLC%22+%22Hartford%2C+CT%22
"Hartford, CT",CT,"Hartford, CT",probate,High,Generally permitted - verify current statute,"site:zillow.com ""probate"" ""Hartford, CT""",https://www.google.com/search?q=site%3Azillow.com+%22probate%22+%22Hartford%2C+CT%22
"Hartford, CT",CT,"Hartford, CT",estate sale,Medium,Generally permitted - verify current statute,"site:zillow.com ""estate sale"" ""Hartford, CT""",https://www.google.com/search?q=site%3Azillow.com+%22estate+sale%22+%22Hartford%2C+CT%22
"Hartford, CT",CT,"Hartford, CT",inherited,Medium,Generally permitted - verify current statute,"site:zillow.com ""inherited"" ""Hartford, CT""",https://www.google.com/search?q=site%3Azillow.com+%22inherited%22+%22Hartford%2C+CT%22
"Hartford, CT",CT,"Hartford, CT",motivated seller,High,Generally permitted - verify current statute,"site:zillow.com ""motivated seller"" ""Hartford, CT""",https://www.google.com/search?q=site%3Azillow.com+%22motivated+seller%22+%22Hartford%2C+CT%22
"Hartford, CT",CT,"Hartford, CT",must sell,Medium,Generally permitted - verify current statute,"site:zillow.com ""must sell"" ""Hartford, CT""",https://www.google.com/search?q=site%3Azillow.com+%22must+sell%22+%22Hartford%2C+CT%22
"Hartford, CT",CT,"Hartford, CT",cash only,High,Generally permitted - verify current statute,"site:zillow.com ""cash only"" ""Hartford, CT""",https://www.google.com/search?q=site%3Azillow.com+%22cash+only%22+%22Hartford%2C+CT%22
"Hartford, CT",CT,"Hartford, CT",bring all offers,Medium,Generally permitted - verify current statute,"site:zillow.com ""bring all offers"" ""Hartford, CT""",https://www.google.com/search?q=site%3Azillow.com+%22bring+all+offers%22+%22Hartford%2C+CT%22
"Hartford, CT",CT,"Hartford, CT",priced to sell,Low,Generally permitted - verify current statute,"site:zillow.com ""priced to sell"" ""Hartford, CT""",https://www.google.com/search?q=site%3Azillow.com+%22priced+to+sell%22+%22Hartford%2C+CT%22
"Hartford, CT",CT,"Hartford, CT",tear down,Medium,Generally permitted - verify current statute,"site:zillow.com ""tear down"" ""Hartford, CT""",https://www.google.com/search?q=site%3Azillow.com+%22tear+down%22+%22Hartford%2C+CT%22
"Hartford, CT",CT,"Hartford, CT",needs work,Medium,Generally permitted - verify current statute,"site:zillow.com ""needs work"" ""Hartford, CT""",https://www.google.com/search?q=site%3Azillow.com+%22needs+work%22+%22Hartford%2C+CT%22
"Hartford, CT",CT,06106,fixer upper,High,Generally permitted - verify current statute,"site:zillow.com ""fixer upper"" ""06106""",https://www.google.com/search?q=site%3Azillow.com+%22fixer+upper%22+%2206106%22
"Hartford, CT",CT,06106,handyman special,High,Generally permitted - verify current statute,"site:zillow.com ""handyman special"" ""06106""",https://www.google.com/search?q=site%3Azillow.com+%22handyman+special%22+%2206106%22
"Hartford, CT",CT,06106,investor special,High,Generally permitted - verify current statute,"site:zillow.com ""investor special"" ""06106""",https://www.google.com/search?q=site%3Azillow.com+%22investor+special%22+%2206106%22
"Hartford, CT",CT,06106,as-is,High,Generally permitted - verify current statute,"site:zillow.com ""as-is"" ""06106""",https://www.google.com/search?q=site%3Azillow.com+%22as-is%22+%2206106%22
"Hartford, CT",CT,06106,needs TLC,High,Generally permitted - verify current statute,"site:zillow.com ""needs TLC"" ""06106""",https://www.google.com/search?q=site%3Azillow.com+%22needs+TLC%22+%2206106%22
"Hartford, CT",CT,06106,probate,High,Generally permitted - verify current statute,"site:zillow.com ""probate"" ""06106""",https://www.google.com/search?q=site%3Azillow.com+%22probate%22+%2206106%22
"Hartford, CT",CT,06106,estate sale,Medium,Generally permitted - verify current statute,"site:zillow.com ""estate sale"" ""06106""",https://www.google.com/search?q=site%3Azillow.com+%22estate+sale%22+%2206106%22
"Hartford, CT",CT,06106,inherited,Medium,Generally permitted - verify current statute,"site:zillow.com ""inherited"" ""06106""",https://www.google.com/search?q=site%3Azillow.com+%22inherited%22+%2206106%22
"Hartford, CT",CT,06106,motivated seller,High,Generally permitted - verify current statute,"site:zillow.com ""motivated seller"" ""06106""",https://www.google.com/search?q=site%3Azillow.com+%22motivated+seller%22+%2206106%22
"Hartford, CT",CT,06106,must sell,Medium,Generally permitted - verify current statute,"site:zillow.com ""must sell"" ""06106""",https://www.google.com/search?q=site%3Azillow.com+%22must+sell%22+%2206106%22
"Hartford, CT",CT,06106,cash only,High,Generally permitted - verify current statute,"site:zillow.com ""cash only"" ""06106""",https://www.google.com/search?q=site%3Azillow.com+%22cash+only%22+%2206106%22
"Hartford, CT",CT,06106,bring all offers,Medium,Generally permitted - verify current statute,"site:zillow.com ""bring all offers"" ""06106""",https://www.google.com/search?q=site%3Azillow.com+%22bring+all+offers%22+%2206106%22
"Hartford, CT",CT,06106,priced to sell,Low,Generally permitted - verify current statute,"site:zillow.com ""priced to sell"" ""06106""",https://www.google.com/search?q=site%3Azillow.com+%22priced+to+sell%22+%2206106%22
"Hartford, CT",CT,06106,tear down,Medium,Generally permitted - verify current statute,"site:zillow.com ""tear down"" ""06106""",https://www.google.com/search?q=site%3Azillow.com+%22tear+down%22+%2206106%22
"Hartford, CT",CT,06106,needs work,Medium,Generally permitted - verify current statute,"site:zillow.com ""needs work"" ""06106""",https://www.google.com/search?q=site%3Azillow.com+%22needs+work%22+%2206106%22
"Hartford, CT",CT,06112,fixer upper,High,Generally permitted - verify current statute,"site:zillow.com ""fixer upper"" ""06112""",https://www.google.com/search?q=site%3Azillow.com+%22fixer+upper%22+%2206112%22
"Hartford, CT",CT,06112,handyman special,High,Generally permitted - verify current statute,"site:zillow.com ""handyman special"" ""06112""",https://www.google.com/search?q=site%3Azillow.com+%22handyman+special%22+%2206112%22
"Hartford, CT",CT,06112,investor special,High,Generally permitted - verify current statute,"site:zillow.com ""investor special"" ""06112""",https://www.google.com/search?q=site%3Azillow.com+%22investor+special%22+%2206112%22
"Hartford, CT",CT,06112,as-is,High,Generally permitted - verify current statute,"site:zillow.com ""as-is"" ""06112""",https://www.google.com/search?q=site%3Azillow.com+%22as-is%22+%2206112%22
"Hartford, CT",CT,06112,needs TLC,High,Generally permitted - verify current statute,"site:zillow.com ""needs TLC"" ""06112""",https://www.google.com/search?q=site%3Azillow.com+%22needs+TLC%22+%2206112%22
"Hartford, CT",CT,06112,probate,High,Generally permitted - verify current statute,"site:zillow.com ""probate"" ""06112""",https://www.google.com/search?q=site%3Azillow.com+%22probate%22+%2206112%22
"Hartford, CT",CT,06112,estate sale,Medium,Generally permitted - verify current statute,"site:zillow.com ""estate sale"" ""06112""",https://www.google.com/search?q=site%3Azillow.com+%22estate+sale%22+%2206112%22
"Hartford, CT",CT,06112,inherited,Medium,Generally permitted - verify current statute,"site:zillow.com ""inherited"" ""06112""",https://www.google.com/search?q=site%3Azillow.com+%22inherited%22+%2206112%22
"Hartford, CT",CT,06112,motivated seller,High,Generally permitted - verify current statute,"site:zillow.com ""motivated seller"" ""06112""",https://www.google.com/search?q=site%3Azillow.com+%22motivated+seller%22+%2206112%22
"Hartford, CT",CT,06112,must sell,Medium,Generally permitted - verify current statute,"site:zillow.com ""must sell"" ""06112""",https://www.google.com/search?q=site%3Azillow.com+%22must+sell%22+%2206112%22
"Hartford, CT",CT,06112,cash only,High,Generally permitted - verify current statute,"site:zillow.com ""cash only"" ""06112""",https://www.google.com/search?q=site%3Azillow.com+%22cash+only%22+%2206112%22
"Hartford, CT",CT,06112,bring all offers,Medium,Generally permitted - verify current statute,"site:zillow.com ""bring all offers"" ""06112""",https://www.google.com/search?q=site%3Azillow.com+%22bring+all+offers%22+%2206112%22
"Hartford, CT",CT,06112,priced to sell,Low,Generally permitted - verify current statute,"site:zillow.com ""priced to sell"" ""06112""",https://www.google.com/search?q=site%3Azillow.com+%22priced+to+sell%22+%2206112%22
"Hartford, CT",CT,06112,tear down,Medium,Generally permitted - verify current statute,"site:zillow.com ""tear down"" ""06112""",https://www.google.com/search?q=site%3Azillow.com+%22tear+down%22+%2206112%22
"Hartford, CT",CT,06112,needs work,Medium,Generally permitted - verify current statute,"site:zillow.com ""needs work"" ""06112""",https://www.google.com/search?q=site%3Azillow.com+%22needs+work%22+%2206112%22
"Hartford, CT",CT,06114,fixer upper,High,Generally permitted - verify current statute,"site:zillow.com ""fixer upper"" ""06114""",https://www.google.com/search?q=site%3Azillow.com+%22fixer+upper%22+%2206114%22
"Hartford, CT",CT,06114,handyman special,High,Generally permitted - verify current statute,"site:zillow.com ""handyman special"" ""06114""",https://www.google.com/search?q=site%3Azillow.com+%22handyman+special%22+%2206114%22
"Hartford, CT",CT,06114,investor special,High,Generally permitted - verify current statute,"site:zillow.com ""investor special"" ""06114""",https://www.google.com/search?q=site%3Azillow.com+%22investor+special%22+%2206114%22
"Hartford, CT",CT,06114,as-is,High,Generally permitted - verify current statute,"site:zillow.com ""as-is"" ""06114""",https://www.google.com/search?q=site%3Azillow.com+%22as-is%22+%2206114%22
"Hartford, CT",CT,06114,needs TLC,High,Generally permitted - verify current statute,"site:zillow.com ""needs TLC"" ""06114""",https://www.google.com/search?q=site%3Azillow.com+%22needs+TLC%22+%2206114%22
"Hartford, CT",CT,06114,probate,High,Generally permitted - verify current statute,"site:zillow.com ""probate"" ""06114""",https://www.google.com/search?q=site%3Azillow.com+%22probate%22+%2206114%22
"Hartford, CT",CT,06114,estate sale,Medium,Generally permitted - verify current statute,"site:zillow.com ""estate sale"" ""06114""",https://www.google.com/search?q=site%3Azillow.com+%22estate+sale%22+%2206114%22
"Hartford, CT",CT,06114,inherited,Medium,Generally permitted - verify current statute,"site:zillow.com ""inherited"" ""06114""",https://www.google.com/search?q=site%3Azillow.com+%22inherited%22+%2206114%22
"Hartford, CT",CT,06114,motivated seller,High,Generally permitted - verify current statute,"site:zillow.com ""motivated seller"" ""06114""",https://www.google.com/search?q=site%3Azillow.com+%22motivated+seller%22+%2206114%22
"Hartford, CT",CT,06114,must sell,Medium,Generally permitted - verify current statute,"site:zillow.com ""must sell"" ""06114""",https://www.google.com/search?q=site%3Azillow.com+%22must+sell%22+%2206114%22
"Hartford, CT",CT,06114,cash only,High,Generally permitted - verify current statute,"site:zillow.com ""cash only"" ""06114""",https://www.google.com/search?q=site%3Azillow.com+%22cash+only%22+%2206114%22
"Hartford, CT",CT,06114,bring all offers,Medium,Generally permitted - verify current statute,"site:zillow.com ""bring all offers"" ""06114""",https://www.google.com/search?q=site%3Azillow.com+%22bring+all+offers%22+%2206114%22
"Hartford, CT",CT,06114,priced to sell,Low,Generally permitted - verify current statute,"site:zillow.com ""priced to sell"" ""06114""",https://www.google.com/search?q=site%3Azillow.com+%22priced+to+sell%22+%2206114%22
"Hartford, CT",CT,06114,tear down,Medium,Generally permitted - verify current statute,"site:zillow.com ""tear down"" ""06114""",https://www.google.com/search?q=site%3Azillow.com+%22tear+down%22+%2206114%22
"Hartford, CT",CT,06114,needs work,Medium,Generally permitted - verify current statute,"site:zillow.com ""needs work"" ""06114""",https://www.google.com/search?q=site%3Azillow.com+%22needs+work%22+%2206114%22
"Hartford, CT",CT,06120,fixer upper,High,Generally permitted - verify current statute,"site:zillow.com ""fixer upper"" ""06120""",https://www.google.com/search?q=site%3Azillow.com+%22fixer+upper%22+%2206120%22
"Hartford, CT",CT,06120,handyman special,High,Generally permitted - verify current statute,"site:zillow.com ""handyman special"" ""06120""",https://www.google.com/search?q=site%3Azillow.com+%22handyman+special%22+%2206120%22
"Hartford, CT",CT,06120,investor special,High,Generally permitted - verify current statute,"site:zillow.com ""investor special"" ""06120""",https://www.google.com/search?q=site%3Azillow.com+%22investor+special%22+%2206120%22
"Hartford, CT",CT,06120,as-is,High,Generally permitted - verify current statute,"site:zillow.com ""as-is"" ""06120""",https://www.google.com/search?q=site%3Azillow.com+%22as-is%22+%2206120%22
"Hartford, CT",CT,06120,needs TLC,High,Generally permitted - verify current statute,"site:zillow.com ""needs TLC"" ""06120""",https://www.google.com/search?q=site%3Azillow.com+%22needs+TLC%22+%2206120%22
"Hartford, CT",CT,06120,probate,High,Generally permitted - verify current statute,"site:zillow.com ""probate"" ""06120""",https://www.google.com/search?q=site%3Azillow.com+%22probate%22+%2206120%22
"Hartford, CT",CT,06120,estate sale,Medium,Generally permitted - verify current statute,"site:zillow.com ""estate sale"" ""06120""",https://www.google.com/search?q=site%3Azillow.com+%22estate+sale%22+%2206120%22
"Hartford, CT",CT,06120,inherited,Medium,Generally permitted - verify current statute,"site:zillow.com ""inherited"" ""06120""",https://www.google.com/search?q=site%3Azillow.com+%22inherited%22+%2206120%22
"Hartford, CT",CT,06120,motivated seller,High,Generally permitted - verify current statute,"site:zillow.com ""motivated seller"" ""06120""",https://www.google.com/search?q=site%3Azillow.com+%22motivated+seller%22+%2206120%22
"Hartford, CT",CT,06120,must sell,Medium,Generally permitted - verify current statute,"site:zillow.com ""must sell"" ""06120""",https://www.google.com/search?q=site%3Azillow.com+%22must+sell%22+%2206120%22
"Hartford, CT",CT,06120,cash only,High,Generally permitted - verify current statute,"site:zillow.com ""cash only"" ""06120""",https://www.google.com/search?q=site%3Azillow.com+%22cash+only%22+%2206120%22
"Hartford, CT",CT,06120,bring all offers,Medium,Generally permitted - verify current statute,"site:zillow.com ""bring all offers"" ""06120""",https://www.google.com/search?q=site%3Azillow.com+%22bring+all+offers%22+%2206120%22
"Hartford, CT",CT,06120,priced to sell,Low,Generally permitted - verify current statute,"site:zillow.com ""priced to sell"" ""06120""",https://www.google.com/search?q=site%3Azillow.com+%22priced+to+sell%22+%2206120%22
"Hartford, CT",CT,06120,tear down,Medium,Generally permitted - verify current statute,"site:zillow.com ""tear down"" ""06120""",https://www.google.com/search?q=site%3Azillow.com+%22tear+down%22+%2206120%22
"Hartford, CT",CT,06120,needs work,Medium,Generally permitted - verify current statute,"site:zillow.com ""needs work"" ""06120""",https://www.google.com/search?q=site%3Azillow.com+%22needs+work%22+%2206120%22
"Pensacola, FL",FL,"Pensacola, FL",fixer upper,High,Generally permitted - verify current statute,"site:zillow.com ""fixer upper"" ""Pensacola, FL""",https://www.google.com/search?q=site%3Azillow.com+%22fixer+upper%22+%22Pensacola%2C+FL%22
"Pensacola, FL",FL,"Pensacola, FL",handyman special,High,Generally permitted - verify current statute,"site:zillow.com ""handyman special"" ""Pensacola, FL""",https://www.google.com/search?q=site%3Azillow.com+%22handyman+special%22+%22Pensacola%2C+FL%22
"Pensacola, FL",FL,"Pensacola, FL",investor special,High,Generally permitted - verify current statute,"site:zillow.com ""investor special"" ""Pensacola, FL""",https://www.google.com/search?q=site%3Azillow.com+%22investor+special%22+%22Pensacola%2C+FL%22
"Pensacola, FL",FL,"Pensacola, FL",as-is,High,Generally permitted - verify current statute,"site:zillow.com ""as-is"" ""Pensacola, FL""",https://www.google.com/search?q=site%3Azillow.com+%22as-is%22+%22Pensacola%2C+FL%22
"Pensacola, FL",FL,"Pensacola, FL",needs TLC,High,Generally permitted - verify current statute,"site:zillow.com ""needs TLC"" ""Pensacola, FL""",https://www.google.com/search?q=site%3Azillow.com+%22needs+TLC%22+%22Pensacola%2C+FL%22
"Pensacola, FL",FL,"Pensacola, FL",probate,High,Generally permitted - verify current statute,"site:zillow.com ""probate"" ""Pensacola, FL""",https://www.google.com/search?q=site%3Azillow.com+%22probate%22+%22Pensacola%2C+FL%22
"Pensacola, FL",FL,"Pensacola, FL",estate sale,Medium,Generally permitted - verify current statute,"site:zillow.com ""estate sale"" ""Pensacola, FL""",https://www.google.com/search?q=site%3Azillow.com+%22estate+sale%22+%22Pensacola%2C+FL%22
"Pensacola, FL",FL,"Pensacola, FL",inherited,Medium,Generally permitted - verify current statute,"site:zillow.com ""inherited"" ""Pensacola, FL""",https://www.google.com/search?q=site%3Azillow.com+%22inherited%22+%22Pensacola%2C+FL%22
"Pensacola, FL",FL,"Pensacola, FL",motivated seller,High,Generally permitted - verify current statute,"site:zillow.com ""motivated seller"" ""Pensacola, FL""",https://www.google.com/search?q=site%3Azillow.com+%22motivated+seller%22+%22Pensacola%2C+FL%22
"Pensacola, FL",FL,"Pensacola, FL",must sell,Medium,Generally permitted - verify current statute,"site:zillow.com ""must sell"" ""Pensacola, FL""",https://www.google.com/search?q=site%3Azillow.com+%22must+sell%22+%22Pensacola%2C+FL%22
"Pensacola, FL",FL,"Pensacola, FL",cash only,High,Generally permitted - verify current statute,"site:zillow.com ""cash only"" ""Pensacola, FL""",https://www.google.com/search?q=site%3Azillow.com+%22cash+only%22+%22Pensacola%2C+FL%22
"Pensacola, FL",FL,"Pensacola, FL",bring all offers,Medium,Generally permitted - verify current statute,"site:zillow.com ""bring all offers"" ""Pensacola, FL""",https://www.google.com/search?q=site%3Azillow.com+%22bring+all+offers%22+%22Pensacola%2C+FL%22
"Pensacola, FL",FL,"Pensacola, FL",priced to sell,Low,Generally permitted - verify current statute,"site:zillow.com ""priced to sell"" ""Pensacola, FL""",https://www.google.com/search?q=site%3Azillow.com+%22priced+to+sell%22+%22Pensacola%2C+FL%22
"Pensacola, FL",FL,"Pensacola, FL",tear down,Medium,Generally permitted - verify current statute,"site:zillow.com ""tear down"" ""Pensacola, FL""",https://www.google.com/search?q=site%3Azillow.com+%22tear+down%22+%22Pensacola%2C+FL%22
"Pensacola, FL",FL,"Pensacola, FL",needs work,Medium,Generally permitted - verify current statute,"site:zillow.com ""needs work"" ""Pensacola, FL""",https://www.google.com/search?q=site%3Azillow.com+%22needs+work%22+%22Pensacola%2C+FL%22
"Pensacola, FL",FL,32501,fixer upper,High,Generally permitted - verify current statute,"site:zillow.com ""fixer upper"" ""32501""",https://www.google.com/search?q=site%3Azillow.com+%22fixer+upper%22+%2232501%22
"Pensacola, FL",FL,32501,handyman special,High,Generally permitted - verify current statute,"site:zillow.com ""handyman special"" ""32501""",https://www.google.com/search?q=site%3Azillow.com+%22handyman+special%22+%2232501%22
"Pensacola, FL",FL,32501,investor special,High,Generally permitted - verify current statute,"site:zillow.com ""investor special"" ""32501""",https://www.google.com/search?q=site%3Azillow.com+%22investor+special%22+%2232501%22
"Pensacola, FL",FL,32501,as-is,High,Generally permitted - verify current statute,"site:zillow.com ""as-is"" ""32501""",https://www.google.com/search?q=site%3Azillow.com+%22as-is%22+%2232501%22
"Pensacola, FL",FL,32501,needs TLC,High,Generally permitted - verify current statute,"site:zillow.com ""needs TLC"" ""32501""",https://www.google.com/search?q=site%3Azillow.com+%22needs+TLC%22+%2232501%22
"Pensacola, FL",FL,32501,probate,High,Generally permitted - verify current statute,"site:zillow.com ""probate"" ""32501""",https://www.google.com/search?q=site%3Azillow.com+%22probate%22+%2232501%22
"Pensacola, FL",FL,32501,estate sale,Medium,Generally permitted - verify current statute,"site:zillow.com ""estate sale"" ""32501""",https://www.google.com/search?q=site%3Azillow.com+%22estate+sale%22+%2232501%22
"Pensacola, FL",FL,32501,inherited,Medium,Generally permitted - verify current statute,"site:zillow.com ""inherited"" ""32501""",https://www.google.com/search?q=site%3Azillow.com+%22inherited%22+%2232501%22
"Pensacola, FL",FL,32501,motivated seller,High,Generally permitted - verify current statute,"site:zillow.com ""motivated seller"" ""32501""",https://www.google.com/search?q=site%3Azillow.com+%22motivated+seller%22+%2232501%22
"Pensacola, FL",FL,32501,must sell,Medium,Generally permitted - verify current statute,"site:zillow.com ""must sell"" ""32501""",https://www.google.com/search?q=site%3Azillow.com+%22must+sell%22+%2232501%22
"Pensacola, FL",FL,32501,cash only,High,Generally permitted - verify current statute,"site:zillow.com ""cash only"" ""32501""",https://www.google.com/search?q=site%3Azillow.com+%22cash+only%22+%2232501%22
"Pensacola, FL",FL,32501,bring all offers,Medium,Generally permitted - verify current statute,"site:zillow.com ""bring all offers"" ""32501""",https://www.google.com/search?q=site%3Azillow.com+%22bring+all+offers%22+%2232501%22
"Pensacola, FL",FL,32501,priced to sell,Low,Generally permitted - verify current statute,"site:zillow.com ""priced to sell"" ""32501""",https://www.google.com/search?q=site%3Azillow.com+%22priced+to+sell%22+%2232501%22
"Pensacola, FL",FL,32501,tear down,Medium,Generally permitted - verify current statute,"site:zillow.com ""tear down"" ""32501""",https://www.google.com/search?q=site%3Azillow.com+%22tear+down%22+%2232501%22
"Pensacola, FL",FL,32501,needs work,Medium,Generally permitted - verify current statute,"site:zillow.com ""needs work"" ""32501""",https://www.google.com/search?q=site%3Azillow.com+%22needs+work%22+%2232501%22
"Pensacola, FL",FL,32503,fixer upper,High,Generally permitted - verify current statute,"site:zillow.com ""fixer upper"" ""32503""",https://www.google.com/search?q=site%3Azillow.com+%22fixer+upper%22+%2232503%22
"Pensacola, FL",FL,32503,handyman special,High,Generally permitted - verify current statute,"site:zillow.com ""handyman special"" ""32503""",https://www.google.com/search?q=site%3Azillow.com+%22handyman+special%22+%2232503%22
"Pensacola, FL",FL,32503,investor special,High,Generally permitted - verify current statute,"site:zillow.com ""investor special"" ""32503""",https://www.google.com/search?q=site%3Azillow.com+%22investor+special%22+%2232503%22
"Pensacola, FL",FL,32503,as-is,High,Generally permitted - verify current statute,"site:zillow.com ""as-is"" ""32503""",https://www.google.com/search?q=site%3Azillow.com+%22as-is%22+%2232503%22
"Pensacola, FL",FL,32503,needs TLC,High,Generally permitted - verify current statute,"site:zillow.com ""needs TLC"" ""32503""",https://www.google.com/search?q=site%3Azillow.com+%22needs+TLC%22+%2232503%22
"Pensacola, FL",FL,32503,probate,High,Generally permitted - verify current statute,"site:zillow.com ""probate"" ""32503""",https://www.google.com/search?q=site%3Azillow.com+%22probate%22+%2232503%22
"Pensacola, FL",FL,32503,estate sale,Medium,Generally permitted - verify current statute,"site:zillow.com ""estate sale"" ""32503""",https://www.google.com/search?q=site%3Azillow.com+%22estate+sale%22+%2232503%22
"Pensacola, FL",FL,32503,inherited,Medium,Generally permitted - verify current statute,"site:zillow.com ""inherited"" ""32503""",https://www.google.com/search?q=site%3Azillow.com+%22inherited%22+%2232503%22
"Pensacola, FL",FL,32503,motivated seller,High,Generally permitted - verify current statute,"site:zillow.com ""motivated seller"" ""32503""",https://www.google.com/search?q=site%3Azillow.com+%22motivated+seller%22+%2232503%22
"Pensacola, FL",FL,32503,must sell,Medium,Generally permitted - verify current statute,"site:zillow.com ""must sell"" ""32503""",https://www.google.com/search?q=site%3Azillow.com+%22must+sell%22+%2232503%22
"Pensacola, FL",FL,32503,cash only,High,Generally permitted - verify current statute,"site:zillow.com ""cash only"" ""32503""",https://www.google.com/search?q=site%3Azillow.com+%22cash+only%22+%2232503%22
"Pensacola, FL",FL,32503,bring all offers,Medium,Generally permitted - verify current statute,"site:zillow.com ""bring all offers"" ""32503""",https://www.google.com/search?q=site%3Azillow.com+%22bring+all+offers%22+%2232503%22
"Pensacola, FL",FL,32503,priced to sell,Low,Generally permitted - verify current statute,"site:zillow.com ""priced to sell"" ""32503""",https://www.google.com/search?q=site%3Azillow.com+%22priced+to+sell%22+%2232503%22
"Pensacola, FL",FL,32503,tear down,Medium,Generally permitted - verify current statute,"site:zillow.com ""tear down"" ""32503""",https://www.google.com/search?q=site%3Azillow.com+%22tear+down%22+%2232503%22
"Pensacola, FL",FL,32503,needs work,Medium,Generally permitted - verify current statute,"site:zillow.com ""needs work"" ""32503""",https://www.google.com/search?q=site%3Azillow.com+%22needs+work%22+%2232503%22
"Pensacola, FL",FL,32505,fixer upper,High,Generally permitted - verify current statute,"site:zillow.com ""fixer upper"" ""32505""",https://www.google.com/search?q=site%3Azillow.com+%22fixer+upper%22+%2232505%22
"Pensacola, FL",FL,32505,handyman special,High,Generally permitted - verify current statute,"site:zillow.com ""handyman special"" ""32505""",https://www.google.com/search?q=site%3Azillow.com+%22handyman+special%22+%2232505%22
"Pensacola, FL",FL,32505,investor special,High,Generally permitted - verify current statute,"site:zillow.com ""investor special"" ""32505""",https://www.google.com/search?q=site%3Azillow.com+%22investor+special%22+%2232505%22
"Pensacola, FL",FL,32505,as-is,High,Generally permitted - verify current statute,"site:zillow.com ""as-is"" ""32505""",https://www.google.com/search?q=site%3Azillow.com+%22as-is%22+%2232505%22
"Pensacola, FL",FL,32505,needs TLC,High,Generally permitted - verify current statute,"site:zillow.com ""needs TLC"" ""32505""",https://www.google.com/search?q=site%3Azillow.com+%22needs+TLC%22+%2232505%22
"Pensacola, FL",FL,32505,probate,High,Generally permitted - verify current statute,"site:zillow.com ""probate"" ""32505""",https://www.google.com/search?q=site%3Azillow.com+%22probate%22+%2232505%22
"Pensacola, FL",FL,32505,estate sale,Medium,Generally permitted - verify current statute,"site:zillow.com ""estate sale"" ""32505""",https://www.google.com/search?q=site%3Azillow.com+%22estate+sale%22+%2232505%22
"Pensacola, FL",FL,32505,inherited,Medium,Generally permitted - verify current statute,"site:zillow.com ""inherited"" ""32505""",https://www.google.com/search?q=site%3Azillow.com+%22inherited%22+%2232505%22
"Pensacola, FL",FL,32505,motivated seller,High,Generally permitted - verify current statute,"site:zillow.com ""motivated seller"" ""32505""",https://www.google.com/search?q=site%3Azillow.com+%22motivated+seller%22+%2232505%22
"Pensacola, FL",FL,32505,must sell,Medium,Generally permitted - verify current statute,"site:zillow.com ""must sell"" ""32505""",https://www.google.com/search?q=site%3Azillow.com+%22must+sell%22+%2232505%22
"Pensacola, FL",FL,32505,cash only,High,Generally permitted - verify current statute,"site:zillow.com ""cash only"" ""32505""",https://www.google.com/search?q=site%3Azillow.com+%22cash+only%22+%2232505%22
"Pensacola, FL",FL,32505,bring all offers,Medium,Generally permitted - verify current statute,"site:zillow.com ""bring all offers"" ""32505""",https://www.google.com/search?q=site%3Azillow.com+%22bring+all+offers%22+%2232505%22
"Pensacola, FL",FL,32505,priced to sell,Low,Generally permitted - verify current statute,"site:zillow.com ""priced to sell"" ""32505""",https://www.google.com/search?q=site%3Azillow.com+%22priced+to+sell%22+%2232505%22
"Pensacola, FL",FL,32505,tear down,Medium,Generally permitted - verify current statute,"site:zillow.com ""tear down"" ""32505""",https://www.google.com/search?q=site%3Azillow.com+%22tear+down%22+%2232505%22
"Pensacola, FL",FL,32505,needs work,Medium,Generally permitted - verify current statute,"site:zillow.com ""needs work"" ""32505""",https://www.google.com/search?q=site%3Azillow.com+%22needs+work%22+%2232505%22
"Pensacola, FL",FL,32506,fixer upper,High,Generally permitted - verify current statute,"site:zillow.com ""fixer upper"" ""32506""",https://www.google.com/search?q=site%3Azillow.com+%22fixer+upper%22+%2232506%22
"Pensacola, FL",FL,32506,handyman special,High,Generally permitted - verify current statute,"site:zillow.com ""handyman special"" ""32506""",https://www.google.com/search?q=site%3Azillow.com+%22handyman+special%22+%2232506%22
"Pensacola, FL",FL,32506,investor special,High,Generally permitted - verify current statute,"site:zillow.com ""investor special"" ""32506""",https://www.google.com/search?q=site%3Azillow.com+%22investor+special%22+%2232506%22
"Pensacola, FL",FL,32506,as-is,High,Generally permitted - verify current statute,"site:zillow.com ""as-is"" ""32506""",https://www.google.com/search?q=site%3Azillow.com+%22as-is%22+%2232506%22
"Pensacola, FL",FL,32506,needs TLC,High,Generally permitted - verify current statute,"site:zillow.com ""needs TLC"" ""32506""",https://www.google.com/search?q=site%3Azillow.com+%22needs+TLC%22+%2232506%22
"Pensacola, FL",FL,32506,probate,High,Generally permitted - verify current statute,"site:zillow.com ""probate"" ""32506""",https://www.google.com/search?q=site%3Azillow.com+%22probate%22+%2232506%22
"Pensacola, FL",FL,32506,estate sale,Medium,Generally permitted - verify current statute,"site:zillow.com ""estate sale"" ""32506""",https://www.google.com/search?q=site%3Azillow.com+%22estate+sale%22+%2232506%22
"Pensacola, FL",FL,32506,inherited,Medium,Generally permitted - verify current statute,"site:zillow.com ""inherited"" ""32506""",https://www.google.com/search?q=site%3Azillow.com+%22inherited%22+%2232506%22
"Pensacola, FL",FL,32506,motivated seller,High,Generally permitted - verify current statute,"site:zillow.com ""motivated seller"" ""32506""",https://www.google.com/search?q=site%3Azillow.com+%22motivated+seller%22+%2232506%22
"Pensacola, FL",FL,32506,must sell,Medium,Generally permitted - verify current statute,"site:zillow.com ""must sell"" ""32506""",https://www.google.com/search?q=site%3Azillow.com+%22must+sell%22+%2232506%22
"Pensacola, FL",FL,32506,cash only,High,Generally permitted - verify current statute,"site:zillow.com ""cash only"" ""32506""",https://www.google.com/search?q=site%3Azillow.com+%22cash+only%22+%2232506%22
"Pensacola, FL",FL,32506,bring all offers,Medium,Generally permitted - verify current statute,"site:zillow.com ""bring all offers"" ""32506""",https://www.google.com/search?q=site%3Azillow.com+%22bring+all+offers%22+%2232506%22
"Pensacola, FL",FL,32506,priced to sell,Low,Generally permitted - verify current statute,"site:zillow.com ""priced to sell"" ""32506""",https://www.google.com/search?q=site%3Azillow.com+%22priced+to+sell%22+%2232506%22
"Pensacola, FL",FL,32506,tear down,Medium,Generally permitted - verify current statute,"site:zillow.com ""tear down"" ""32506""",https://www.google.com/search?q=site%3Azillow.com+%22tear+down%22+%2232506%22
"Pensacola, FL",FL,32506,needs work,Medium,Generally permitted - verify current statute,"site:zillow.com ""needs work"" ""32506""",https://www.google.com/search?q=site%3Azillow.com+%22needs+work%22+%2232506%22
"Pensacola, FL",FL,32507,fixer upper,High,Generally permitted - verify current statute,"site:zillow.com ""fixer upper"" ""32507""",https://www.google.com/search?q=site%3Azillow.com+%22fixer+upper%22+%2232507%22
"Pensacola, FL",FL,32507,handyman special,High,Generally permitted - verify current statute,"site:zillow.com ""handyman special"" ""32507""",https://www.google.com/search?q=site%3Azillow.com+%22handyman+special%22+%2232507%22
"Pensacola, FL",FL,32507,investor special,High,Generally permitted - verify current statute,"site:zillow.com ""investor special"" ""32507""",https://www.google.com/search?q=site%3Azillow.com+%22investor+special%22+%2232507%22
"Pensacola, FL",FL,32507,as-is,High,Generally permitted - verify current statute,"site:zillow.com ""as-is"" ""32507""",https://www.google.com/search?q=site%3Azillow.com+%22as-is%22+%2232507%22
"Pensacola, FL",FL,32507,needs TLC,High,Generally permitted - verify current statute,"site:zillow.com ""needs TLC"" ""32507""",https://www.google.com/search?q=site%3Azillow.com+%22needs+TLC%22+%2232507%22
"Pensacola, FL",FL,32507,probate,High,Generally permitted - verify current statute,"site:zillow.com ""probate"" ""32507""",https://www.google.com/search?q=site%3Azillow.com+%22probate%22+%2232507%22
"Pensacola, FL",FL,32507,estate sale,Medium,Generally permitted - verify current statute,"site:zillow.com ""estate sale"" ""32507""",https://www.google.com/search?q=site%3Azillow.com+%22estate+sale%22+%2232507%22
"Pensacola, FL",FL,32507,inherited,Medium,Generally permitted - verify current statute,"site:zillow.com ""inherited"" ""32507""",https://www.google.com/search?q=site%3Azillow.com+%22inherited%22+%2232507%22
"Pensacola, FL",FL,32507,motivated seller,High,Generally permitted - verify current statute,"site:zillow.com ""motivated seller"" ""32507""",https://www.google.com/search?q=site%3Azillow.com+%22motivated+seller%22+%2232507%22
"Pensacola, FL",FL,32507,must sell,Medium,Generally permitted - verify current statute,"site:zillow.com ""must sell"" ""32507""",https://www.google.com/search?q=site%3Azillow.com+%22must+sell%22+%2232507%22
"Pensacola, FL",FL,32507,cash only,High,Generally permitted - verify current statute,"site:zillow.com ""cash only"" ""32507""",https://www.google.com/search?q=site%3Azillow.com+%22cash+only%22+%2232507%22
"Pensacola, FL",FL,32507,bring all offers,Medium,Generally permitted - verify current statute,"site:zillow.com ""bring all offers"" ""32507""",https://www.google.com/search?q=site%3Azillow.com+%22bring+all+offers%22+%2232507%22
"Pensacola, FL",FL,32507,priced to sell,Low,Generally permitted - verify current statute,"site:zillow.com ""priced to sell"" ""32507""",https://www.google.com/search?q=site%3Azillow.com+%22priced+to+sell%22+%2232507%22
"Pensacola, FL",FL,32507,tear down,Medium,Generally permitted - verify current statute,"site:zillow.com ""tear down"" ""32507""",https://www.google.com/search?q=site%3Azillow.com+%22tear+down%22+%2232507%22
"Pensacola, FL",FL,32507,needs work,Medium,Generally permitted - verify current statute,"site:zillow.com ""needs work"" ""32507""",https://www.google.com/search?q=site%3Azillow.com+%22needs+work%22+%2232507%22
"Mobile, AL",AL,"Mobile, AL",fixer upper,High,Generally permitted - verify current statute,"site:zillow.com ""fixer upper"" ""Mobile, AL""",https://www.google.com/search?q=site%3Azillow.com+%22fixer+upper%22+%22Mobile%2C+AL%22
"Mobile, AL",AL,"Mobile, AL",handyman special,High,Generally permitted - verify current statute,"site:zillow.com ""handyman special"" ""Mobile, AL""",https://www.google.com/search?q=site%3Azillow.com+%22handyman+special%22+%22Mobile%2C+AL%22
"Mobile, AL",AL,"Mobile, AL",investor special,High,Generally permitted - verify current statute,"site:zillow.com ""investor special"" ""Mobile, AL""",https://www.google.com/search?q=site%3Azillow.com+%22investor+special%22+%22Mobile%2C+AL%22
"Mobile, AL",AL,"Mobile, AL",as-is,High,Generally permitted - verify current statute,"site:zillow.com ""as-is"" ""Mobile, AL""",https://www.google.com/search?q=site%3Azillow.com+%22as-is%22+%22Mobile%2C+AL%22
"Mobile, AL",AL,"Mobile, AL",needs TLC,High,Generally permitted - verify current statute,"site:zillow.com ""needs TLC"" ""Mobile, AL""",https://www.google.com/search?q=site%3Azillow.com+%22needs+TLC%22+%22Mobile%2C+AL%22
"Mobile, AL",AL,"Mobile, AL",probate,High,Generally permitted - verify current statute,"site:zillow.com ""probate"" ""Mobile, AL""",https://www.google.com/search?q=site%3Azillow.com+%22probate%22+%22Mobile%2C+AL%22
"Mobile, AL",AL,"Mobile, AL",estate sale,Medium,Generally permitted - verify current statute,"site:zillow.com ""estate sale"" ""Mobile, AL""",https://www.google.com/search?q=site%3Azillow.com+%22estate+sale%22+%22Mobile%2C+AL%22
"Mobile, AL",AL,"Mobile, AL",inherited,Medium,Generally permitted - verify current statute,"site:zillow.com ""inherited"" ""Mobile, AL""",https://www.google.com/search?q=site%3Azillow.com+%22inherited%22+%22Mobile%2C+AL%22
"Mobile, AL",AL,"Mobile, AL",motivated seller,High,Generally permitted - verify current statute,"site:zillow.com ""motivated seller"" ""Mobile, AL""",https://www.google.com/search?q=site%3Azillow.com+%22motivated+seller%22+%22Mobile%2C+AL%22
"Mobile, AL",AL,"Mobile, AL",must sell,Medium,Generally permitted - verify current statute,"site:zillow.com ""must sell"" ""Mobile, AL""",https://www.google.com/search?q=site%3Azillow.com+%22must+sell%22+%22Mobile%2C+AL%22
"Mobile, AL",AL,"Mobile, AL",cash only,High,Generally permitted - verify current statute,"site:zillow.com ""cash only"" ""Mobile, AL""",https://www.google.com/search?q=site%3Azillow.com+%22cash+only%22+%22Mobile%2C+AL%22
"Mobile, AL",AL,"Mobile, AL",bring all offers,Medium,Generally permitted - verify current statute,"site:zillow.com ""bring all offers"" ""Mobile, AL""",https://www.google.com/search?q=site%3Azillow.com+%22bring+all+offers%22+%22Mobile%2C+AL%22
"Mobile, AL",AL,"Mobile, AL",priced to sell,Low,Generally permitted - verify current statute,"site:zillow.com ""priced to sell"" ""Mobile, AL""",https://www.google.com/search?q=site%3Azillow.com+%22priced+to+sell%22+%22Mobile%2C+AL%22
"Mobile, AL",AL,"Mobile, AL",tear down,Medium,Generally permitted - verify current statute,"site:zillow.com ""tear down"" ""Mobile, AL""",https://www.google.com/search?q=site%3Azillow.com+%22tear+down%22+%22Mobile%2C+AL%22
"Mobile, AL",AL,"Mobile, AL",needs work,Medium,Generally permitted - verify current statute,"site:zillow.com ""needs work"" ""Mobile, AL""",https://www.google.com/search?q=site%3Azillow.com+%22needs+work%22+%22Mobile%2C+AL%22
"Mobile, AL",AL,36603,fixer upper,High,Generally permitted - verify current statute,"site:zillow.com ""fixer upper"" ""36603""",https://www.google.com/search?q=site%3Azillow.com+%22fixer+upper%22+%2236603%22
"Mobile, AL",AL,36603,handyman special,High,Generally permitted - verify current statute,"site:zillow.com ""handyman special"" ""36603""",https://www.google.com/search?q=site%3Azillow.com+%22handyman+special%22+%2236603%22
"Mobile, AL",AL,36603,investor special,High,Generally permitted - verify current statute,"site:zillow.com ""investor special"" ""36603""",https://www.google.com/search?q=site%3Azillow.com+%22investor+special%22+%2236603%22
"Mobile, AL",AL,36603,as-is,High,Generally permitted - verify current statute,"site:zillow.com ""as-is"" ""36603""",https://www.google.com/search?q=site%3Azillow.com+%22as-is%22+%2236603%22
"Mobile, AL",AL,36603,needs TLC,High,Generally permitted - verify current statute,"site:zillow.com ""needs TLC"" ""36603""",https://www.google.com/search?q=site%3Azillow.com+%22needs+TLC%22+%2236603%22
"Mobile, AL",AL,36603,probate,High,Generally permitted - verify current statute,"site:zillow.com ""probate"" ""36603""",https://www.google.com/search?q=site%3Azillow.com+%22probate%22+%2236603%22
"Mobile, AL",AL,36603,estate sale,Medium,Generally permitted - verify current statute,"site:zillow.com ""estate sale"" ""36603""",https://www.google.com/search?q=site%3Azillow.com+%22estate+sale%22+%2236603%22
"Mobile, AL",AL,36603,inherited,Medium,Generally permitted - verify current statute,"site:zillow.com ""inherited"" ""36603""",https://www.google.com/search?q=site%3Azillow.com+%22inherited%22+%2236603%22
"Mobile, AL",AL,36603,motivated seller,High,Generally permitted - verify current statute,"site:zillow.com ""motivated seller"" ""36603""",https://www.google.com/search?q=site%3Azillow.com+%22motivated+seller%22+%2236603%22
"Mobile, AL",AL,36603,must sell,Medium,Generally permitted - verify current statute,"site:zillow.com ""must sell"" ""36603""",https://www.google.com/search?q=site%3Azillow.com+%22must+sell%22+%2236603%22
"Mobile, AL",AL,36603,cash only,High,Generally permitted - verify current statute,"site:zillow.com ""cash only"" ""36603""",https://www.google.com/search?q=site%3Azillow.com+%22cash+only%22+%2236603%22
"Mobile, AL",AL,36603,bring all offers,Medium,Generally permitted - verify current statute,"site:zillow.com ""bring all offers"" ""36603""",https://www.google.com/search?q=site%3Azillow.com+%22bring+all+offers%22+%2236603%22
"Mobile, AL",AL,36603,priced to sell,Low,Generally permitted - verify current statute,"site:zillow.com ""priced to sell"" ""36603""",https://www.google.com/search?q=site%3Azillow.com+%22priced+to+sell%22+%2236603%22
"Mobile, AL",AL,36603,tear down,Medium,Generally permitted - verify current statute,"site:zillow.com ""tear down"" ""36603""",https://www.google.com/search?q=site%3Azillow.com+%22tear+down%22+%2236603%22
"Mobile, AL",AL,36603,needs work,Medium,Generally permitted - verify current statute,"site:zillow.com ""needs work"" ""36603""",https://www.google.com/search?q=site%3Azillow.com+%22needs+work%22+%2236603%22
"Mobile, AL",AL,36605,fixer upper,High,Generally permitted - verify current statute,"site:zillow.com ""fixer upper"" ""36605""",https://www.google.com/search?q=site%3Azillow.com+%22fixer+upper%22+%2236605%22
"Mobile, AL",AL,36605,handyman special,High,Generally permitted - verify current statute,"site:zillow.com ""handyman special"" ""36605""",https://www.google.com/search?q=site%3Azillow.com+%22handyman+special%22+%2236605%22
"Mobile, AL",AL,36605,investor special,High,Generally permitted - verify current statute,"site:zillow.com ""investor special"" ""36605""",https://www.google.com/search?q=site%3Azillow.com+%22investor+special%22+%2236605%22
"Mobile, AL",AL,36605,as-is,High,Generally permitted - verify current statute,"site:zillow.com ""as-is"" ""36605""",https://www.google.com/search?q=site%3Azillow.com+%22as-is%22+%2236605%22
"Mobile, AL",AL,36605,needs TLC,High,Generally permitted - verify current statute,"site:zillow.com ""needs TLC"" ""36605""",https://www.google.com/search?q=site%3Azillow.com+%22needs+TLC%22+%2236605%22
"Mobile, AL",AL,36605,probate,High,Generally permitted - verify current statute,"site:zillow.com ""probate"" ""36605""",https://www.google.com/search?q=site%3Azillow.com+%22probate%22+%2236605%22
"Mobile, AL",AL,36605,estate sale,Medium,Generally permitted - verify current statute,"site:zillow.com ""estate sale"" ""36605""",https://www.google.com/search?q=site%3Azillow.com+%22estate+sale%22+%2236605%22
"Mobile, AL",AL,36605,inherited,Medium,Generally permitted - verify current statute,"site:zillow.com ""inherited"" ""36605""",https://www.google.com/search?q=site%3Azillow.com+%22inherited%22+%2236605%22
"Mobile, AL",AL,36605,motivated seller,High,Generally permitted - verify current statute,"site:zillow.com ""motivated seller"" ""36605""",https://www.google.com/search?q=site%3Azillow.com+%22motivated+seller%22+%2236605%22
"Mobile, AL",AL,36605,must sell,Medium,Generally permitted - verify current statute,"site:zillow.com ""must sell"" ""36605""",https://www.google.com/search?q=site%3Azillow.com+%22must+sell%22+%2236605%22
"Mobile, AL",AL,36605,cash only,High,Generally permitted - verify current statute,"site:zillow.com ""cash only"" ""36605""",https://www.google.com/search?q=site%3Azillow.com+%22cash+only%22+%2236605%22
"Mobile, AL",AL,36605,bring all offers,Medium,Generally permitted - verify current statute,"site:zillow.com ""bring all offers"" ""36605""",https://www.google.com/search?q=site%3Azillow.com+%22bring+all+offers%22+%2236605%22
"Mobile, AL",AL,36605,priced to sell,Low,Generally permitted - verify current statute,"site:zillow.com ""priced to sell"" ""36605""",https://www.google.com/search?q=site%3Azillow.com+%22priced+to+sell%22+%2236605%22
"Mobile, AL",AL,36605,tear down,Medium,Generally permitted - verify current statute,"site:zillow.com ""tear down"" ""36605""",https://www.google.com/search?q=site%3Azillow.com+%22tear+down%22+%2236605%22
"Mobile, AL",AL,36605,needs work,Medium,Generally permitted - verify current statute,"site:zillow.com ""needs work"" ""36605""",https://www.google.com/search?q=site%3Azillow.com+%22needs+work%22+%2236605%22
"Mobile, AL",AL,36607,fixer upper,High,Generally permitted - verify current statute,"site:zillow.com ""fixer upper"" ""36607""",https://www.google.com/search?q=site%3Azillow.com+%22fixer+upper%22+%2236607%22
"Mobile, AL",AL,36607,handyman special,High,Generally permitted - verify current statute,"site:zillow.com ""handyman special"" ""36607""",https://www.google.com/search?q=site%3Azillow.com+%22handyman+special%22+%2236607%22
"Mobile, AL",AL,36607,investor special,High,Generally permitted - verify current statute,"site:zillow.com ""investor special"" ""36607""",https://www.google.com/search?q=site%3Azillow.com+%22investor+special%22+%2236607%22
"Mobile, AL",AL,36607,as-is,High,Generally permitted - verify current statute,"site:zillow.com ""as-is"" ""36607""",https://www.google.com/search?q=site%3Azillow.com+%22as-is%22+%2236607%22
"Mobile, AL",AL,36607,needs TLC,High,Generally permitted - verify current statute,"site:zillow.com ""needs TLC"" ""36607""",https://www.google.com/search?q=site%3Azillow.com+%22needs+TLC%22+%2236607%22
"Mobile, AL",AL,36607,probate,High,Generally permitted - verify current statute,"site:zillow.com ""probate"" ""36607""",https://www.google.com/search?q=site%3Azillow.com+%22probate%22+%2236607%22
"Mobile, AL",AL,36607,estate sale,Medium,Generally permitted - verify current statute,"site:zillow.com ""estate sale"" ""36607""",https://www.google.com/search?q=site%3Azillow.com+%22estate+sale%22+%2236607%22
"Mobile, AL",AL,36607,inherited,Medium,Generally permitted - verify current statute,"site:zillow.com ""inherited"" ""36607""",https://www.google.com/search?q=site%3Azillow.com+%22inherited%22+%2236607%22
"Mobile, AL",AL,36607,motivated seller,High,Generally permitted - verify current statute,"site:zillow.com ""motivated seller"" ""36607""",https://www.google.com/search?q=site%3Azillow.com+%22motivated+seller%22+%2236607%22
"Mobile, AL",AL,36607,must sell,Medium,Generally permitted - verify current statute,"site:zillow.com ""must sell"" ""36607""",https://www.google.com/search?q=site%3Azillow.com+%22must+sell%22+%2236607%22
"Mobile, AL",AL,36607,cash only,High,Generally permitted - verify current statute,"site:zillow.com ""cash only"" ""36607""",https://www.google.com/search?q=site%3Azillow.com+%22cash+only%22+%2236607%22
"Mobile, AL",AL,36607,bring all offers,Medium,Generally permitted - verify current statute,"site:zillow.com ""bring all offers"" ""36607""",https://www.google.com/search?q=site%3Azillow.com+%22bring+all+offers%22+%2236607%22
"Mobile, AL",AL,36607,priced to sell,Low,Generally permitted - verify current statute,"site:zillow.com ""priced to sell"" ""36607""",https://www.google.com/search?q=site%3Azillow.com+%22priced+to+sell%22+%2236607%22
"Mobile, AL",AL,36607,tear down,Medium,Generally permitted - verify current statute,"site:zillow.com ""tear down"" ""36607""",https://www.google.com/search?q=site%3Azillow.com+%22tear+down%22+%2236607%22
"Mobile, AL",AL,36607,needs work,Medium,Generally permitted - verify current statute,"site:zillow.com ""needs work"" ""36607""",https://www.google.com/search?q=site%3Azillow.com+%22needs+work%22+%2236607%22
"Mobile, AL",AL,36610,fixer upper,High,Generally permitted - verify current statute,"site:zillow.com ""fixer upper"" ""36610""",https://www.google.com/search?q=site%3Azillow.com+%22fixer+upper%22+%2236610%22
"Mobile, AL",AL,36610,handyman special,High,Generally permitted - verify current statute,"site:zillow.com ""handyman special"" ""36610""",https://www.google.com/search?q=site%3Azillow.com+%22handyman+special%22+%2236610%22
"Mobile, AL",AL,36610,investor special,High,Generally permitted - verify current statute,"site:zillow.com ""investor special"" ""36610""",https://www.google.com/search?q=site%3Azillow.com+%22investor+special%22+%2236610%22
"Mobile, AL",AL,36610,as-is,High,Generally permitted - verify current statute,"site:zillow.com ""as-is"" ""36610""",https://www.google.com/search?q=site%3Azillow.com+%22as-is%22+%2236610%22
"Mobile, AL",AL,36610,needs TLC,High,Generally permitted - verify current statute,"site:zillow.com ""needs TLC"" ""36610""",https://www.google.com/search?q=site%3Azillow.com+%22needs+TLC%22+%2236610%22
"Mobile, AL",AL,36610,probate,High,Generally permitted - verify current statute,"site:zillow.com ""probate"" ""36610""",https://www.google.com/search?q=site%3Azillow.com+%22probate%22+%2236610%22
"Mobile, AL",AL,36610,estate sale,Medium,Generally permitted - verify current statute,"site:zillow.com ""estate sale"" ""36610""",https://www.google.com/search?q=site%3Azillow.com+%22estate+sale%22+%2236610%22
"Mobile, AL",AL,36610,inherited,Medium,Generally permitted - verify current statute,"site:zillow.com ""inherited"" ""36610""",https://www.google.com/search?q=site%3Azillow.com+%22inherited%22+%2236610%22
"Mobile, AL",AL,36610,motivated seller,High,Generally permitted - verify current statute,"site:zillow.com ""motivated seller"" ""36610""",https://www.google.com/search?q=site%3Azillow.com+%22motivated+seller%22+%2236610%22
"Mobile, AL",AL,36610,must sell,Medium,Generally permitted - verify current statute,"site:zillow.com ""must sell"" ""36610""",https://www.google.com/search?q=site%3Azillow.com+%22must+sell%22+%2236610%22
"Mobile, AL",AL,36610,cash only,High,Generally permitted - verify current statute,"site:zillow.com ""cash only"" ""36610""",https://www.google.com/search?q=site%3Azillow.com+%22cash+only%22+%2236610%22
"Mobile, AL",AL,36610,bring all offers,Medium,Generally permitted - verify current statute,"site:zillow.com ""bring all offers"" ""36610""",https://www.google.com/search?q=site%3Azillow.com+%22bring+all+offers%22+%2236610%22
"Mobile, AL",AL,36610,priced to sell,Low,Generally permitted - verify current statute,"site:zillow.com ""priced to sell"" ""36610""",https://www.google.com/search?q=site%3Azillow.com+%22priced+to+sell%22+%2236610%22
"Mobile, AL",AL,36610,tear down,Medium,Generally permitted - verify current statute,"site:zillow.com ""tear down"" ""36610""",https://www.google.com/search?q=site%3Azillow.com+%22tear+down%22+%2236610%22
"Mobile, AL",AL,36610,needs work,Medium,Generally permitted - verify current statute,"site:zillow.com ""needs work"" ""36610""",https://www.google.com/search?q=site%3Azillow.com+%22needs+work%22+%2236610%22
"Mobile, AL",AL,36617,fixer upper,High,Generally permitted - verify current statute,"site:zillow.com ""fixer upper"" ""36617""",https://www.google.com/search?q=site%3Azillow.com+%22fixer+upper%22+%2236617%22
"Mobile, AL",AL,36617,handyman special,High,Generally permitted - verify current statute,"site:zillow.com ""handyman special"" ""36617""",https://www.google.com/search?q=site%3Azillow.com+%22handyman+special%22+%2236617%22
"Mobile, AL",AL,36617,investor special,High,Generally permitted - verify current statute,"site:zillow.com ""investor special"" ""36617""",https://www.google.com/search?q=site%3Azillow.com+%22investor+special%22+%2236617%22
"Mobile, AL",AL,36617,as-is,High,Generally permitted - verify current statute,"site:zillow.com ""as-is"" ""36617""",https://www.google.com/search?q=site%3Azillow.com+%22as-is%22+%2236617%22
"Mobile, AL",AL,36617,needs TLC,High,Generally permitted - verify current statute,"site:zillow.com ""needs TLC"" ""36617""",https://www.google.com/search?q=site%3Azillow.com+%22needs+TLC%22+%2236617%22
"Mobile, AL",AL,36617,probate,High,Generally permitted - verify current statute,"site:zillow.com ""probate"" ""36617""",https://www.google.com/search?q=site%3Azillow.com+%22probate%22+%2236617%22
"Mobile, AL",AL,36617,estate sale,Medium,Generally permitted - verify current statute,"site:zillow.com ""estate sale"" ""36617""",https://www.google.com/search?q=site%3Azillow.com+%22estate+sale%22+%2236617%22
"Mobile, AL",AL,36617,inherited,Medium,Generally permitted - verify current statute,"site:zillow.com ""inherited"" ""36617""",https://www.google.com/search?q=site%3Azillow.com+%22inherited%22+%2236617%22
"Mobile, AL",AL,36617,motivated seller,High,Generally permitted - verify current statute,"site:zillow.com ""motivated seller"" ""36617""",https://www.google.com/search?q=site%3Azillow.com+%22motivated+seller%22+%2236617%22
"Mobile, AL",AL,36617,must sell,Medium,Generally permitted - verify current statute,"site:zillow.com ""must sell"" ""36617""",https://www.google.com/search?q=site%3Azillow.com+%22must+sell%22+%2236617%22
"Mobile, AL",AL,36617,cash only,High,Generally permitted - verify current statute,"site:zillow.com ""cash only"" ""36617""",https://www.google.com/search?q=site%3Azillow.com+%22cash+only%22+%2236617%22
"Mobile, AL",AL,36617,bring all offers,Medium,Generally permitted - verify current statute,"site:zillow.com ""bring all offers"" ""36617""",https://www.google.com/search?q=site%3Azillow.com+%22bring+all+offers%22+%2236617%22
"Mobile, AL",AL,36617,priced to sell,Low,Generally permitted - verify current statute,"site:zillow.com ""priced to sell"" ""36617""",https://www.google.com/search?q=site%3Azillow.com+%22priced+to+sell%22+%2236617%22
"Mobile, AL",AL,36617,tear down,Medium,Generally permitted - verify current statute,"site:zillow.com ""tear down"" ""36617""",https://www.google.com/search?q=site%3Azillow.com+%22tear+down%22+%2236617%22
"Mobile, AL",AL,36617,needs work,Medium,Generally permitted - verify current statute,"site:zillow.com ""needs work"" ""36617""",https://www.google.com/search?q=site%3Azillow.com+%22needs+work%22+%2236617%22
